Id,Label,Initial,Rhyme,Deng_hu,Char_num
tung,【東】德紅,端,上平01東,開一,17
dung,【同】徒紅,定,上平01東,開一,45
triung,【中】陟弓,知,上平01東,開三,4
driung,【蟲】直弓,澄,上平01東,開三,7
cjung,【終】職戎,章,上平01東,開三,15
thriung,【忡】敕中,徹,上平01東,開三,3
zriung,【崇】鋤弓,崇,上平01東,開三,4
siung,【嵩】息弓,心,上平01東,開三,9
njung,【戎】如融,日,上平01東,開三,9
kiung,【弓】居戎,見,上平01東,開三,6
jung,【融】以戎,以,上平01東,開三,3
iung,【雄】羽弓,云,上平01東,開三,2
miung,【瞢】莫中,明,上平01東,合三,6
khiung,【穹】去宮,溪,上平01東,開三,7
giung,【窮】渠弓,群,上平01東,開三,3
biung,【馮】房戎,並,上平01東,合三,7
piung,【風】方戎,幫,上平01東,合三,7
phiung,【豐】敷空,滂,上平01東,合三,8
chjung,【充】昌終,昌,上平01東,開三,7
liung,【隆】力中,來,上平01東,開三,6
khung,【空】苦紅,溪,上平01東,開一,14
kung,【公】古紅,見,上平01東,開一,13
mung,【蒙】莫紅,明,上平01東,開一,27
lung,【籠】盧紅,來,上平01東,開一,27
ghung,【洪】戶公,匣,上平01東,開一,21
zung,【叢】徂紅,從,上平01東,開一,5
qung,【翁】烏紅,影,上平01東,開一,8
chung,【怱】倉紅,清,上平01東,開一,15
thung,【通】他紅,透,上平01東,開一,9
cung,【葼】子紅,精,上平01東,開一,21
bung,【蓬】薄紅,並,上平01東,開一,10
hung,【烘】呼東,曉,上平01東,開一,6
ngung,【㟅】五東,疑,上平01東,開一,1
sung,【檧】蘇公,心,上平01東,開一,3
tuung,【冬】都宗,端,上平02冬,合一,7
duung,【彤】徒冬,定,上平02冬,合一,22
zuung,【賨】藏宗,從,上平02冬,合一,11
nuung,【農】奴冬,泥,上平02冬,合一,12
kuung,【攻】古冬,見,上平02冬,合一,2
ghuung,【䃔】戶冬,匣,上平02冬,合一,4
luung,【䃧】力冬,來,上平02冬,合一,3
cuung,【宗】作冬,精,上平02冬,合一,2
suung,【鬆】私宗,心,上平02冬,合一,2
thuung,【炵】他冬,透,上平02冬,合一,1
cjyung,【鍾】職容,章,上平03鍾,開三,18
lyung,【龍】力鍾,來,上平03鍾,開三,9
sjyung,【舂】書容,書,上平03鍾,開三,6
zsyung,【松】祥容,邪,上平03鍾,開三,4
chjyung,【𧘂】尺容,昌,上平03鍾,開三,11
jyung,【容】餘封,以,上平03鍾,開三,35
pyung,【封】府容,幫,上平03鍾,合三,5
hyung,【胷】許容,曉,上平03鍾,開三,10
ngyung,【顒】魚容,疑,上平03鍾,開三,4
qyung,【邕】於容,影,上平03鍾,開三,16
nryung,【醲】女容,娘,上平03鍾,開三,8
dryung,【重】直容,澄,上平03鍾,開三,6
zyung,【從】疾容,從,上平03鍾,開三,3
thryung,【蹱】丑凶,徹,上平03鍾,開三,7
byung,【逢】符容,並,上平03鍾,合三,8
phyung,【峯】敷容,滂,上平03鍾,合三,16
cyung,【縱】即容,精,上平03鍾,開三,9
njyung,【茸】而容,日,上平03鍾,開三,10
gyung,【蛩】渠容,群,上平03鍾,開三,16
zjyung,【鱅】蜀庸,常,上平03鍾,開三,3
kyung,【恭】九容,見,上平03鍾,開三,10
syung,【蜙】息恭,心,上平03鍾,開三,6
chyung,【樅】七恭,清,上平03鍾,開三,12
khyung,【銎】曲恭,溪,上平03鍾,開三,2
krung,【江】古雙,見,上平04江,開二,11
mrung,【厖】莫江,明,上平04江,開二,14
nrung,【𦗳】女江,娘,上平04江,開二,8
chrung,【囪】楚江,初,上平04江,開二,9
prung,【邦】博江,幫,上平04江,開二,4
ghrung,【栙】下江,匣,上平04江,開二,8
phrung,【胮】匹江,滂,上平04江,開二,5
lrung,【瀧】呂江,來,上平04江,開二,2
srung,【雙】所江,生,上平04江,開二,7
brung,【龐】薄江,並,上平04江,開二,5
hrung,【肛】許江,曉,上平04江,開二,4
qrung,【胦】握江,影,上平04江,開二,1
khrung,【腔】苦江,溪,上平04江,開二,12
drung,【幢】宅江,澄,上平04江,開二,6
thrung,【憃】丑江,徹,上平04江,開二,5
trung,【樁】都江,知,上平04江,開二,2
ngrung,【㟅】五江,疑,上平04江,開二,1
zrung,【淙】士江,崇,上平04江,開二,4
cje,【支】章移,章,上平05支,開三A,29
je,【移】弋支,以,上平05支,開三A,32
ye,【爲】薳支,云,上平05支,合三B,6
kye,【嬀】居爲,見,上平05支,合三B,2
hye,【𪎮】許爲,曉,上平05支,合三B,6
qye,【逶】於爲,影,上平05支,合三B,11
mie,【糜】靡爲,明,上平05支,開三B,9
hjye,【隓】許規,曉,上平05支,合三A,9
drye,【鬌】直垂,澄,上平05支,合三B,3
zjye,【𡍮】是爲,常,上平05支,合三A,10
lye,【羸】力爲,來,上平05支,合三A,2
chjye,【吹】昌垂,昌,上平05支,合三A,3
phie,【鈹】敷羈,滂,上平05支,開三B,12
pie,【陂】彼爲,幫,上平05支,開三B,11
zsye,【隨】旬爲,邪,上平05支,合三A,3
khye,【虧】去爲,溪,上平05支,合三B,1
khjye,【闚】去隨,溪,上平05支,合三A,2
gie,【竒】渠羈,群,上平05支,開三B,10
gje,【祇】巨支,群,上平05支,開三A,25
hie,【犧】許羈,曉,上平05支,開三B,18
khie,【㩻】去奇,溪,上平05支,開三B,11
ngie,【宜】魚羈,疑,上平05支,開三B,11
bie,【皮】符羈,並,上平05支,開三B,6
zje,【提】是支,常,上平05支,開三A,12
nje,【兒】汝移,日,上平05支,開三A,4
lie,【離】呂支,來,上平05支,開三A,37
zie,【疵】疾移,從,上平05支,開三A,8
cie,【貲】即移,精,上平05支,開三A,16
kie,【羈】居宜,見,上平05支,開三B,9
pje,【卑】府移,幫,上平05支,開三A,11
bje,【陴】符支,並,上平05支,開三A,15
sje,【䌳】式支,書,上平05支,開三A,12
sie,【斯】息移,心,上平05支,開三A,26
chrie,【差】楚宜,初,上平05支,開三B,4
thrie,【摛】丑知,徹,上平05支,開三B,9
mje,【彌】武移,明,上平05支,開三A,17
chie,【雌】此移,清,上平05支,開三A,5
trie,【知】陟離,知,上平05支,開三B,6
qie,【漪】於離,影,上平05支,開三B,11
drie,【馳】直離,澄,上平05支,開三B,13
sye,【眭】息爲,心,上平05支,合三A,1
ngye,【危】魚爲,疑,上平05支,合三B,4
hje,【詑】香支,曉,上平05支,開三A,2
srie,【釃】所宜,生,上平05支,開三B,7
srye,【䪎】山垂,生,上平05支,合三B,2
njye,【痿】人垂,日,上平05支,合三A,2
cye,【厜】姊規,精,上平05支,合三A,6
kjye,【𩓸】居隋,見,上平05支,合三A,13
chrye,【衰】楚危,初,上平05支,合三B,2
trye,【腄】竹垂,知,上平05支,合三B,4
chje,【眵】叱支,昌,上平05支,開三A,2
crie,【齜】側宜,莊,上平05支,開三B,1
phje,【𤿎】匹支,滂,上平05支,開三A,1
jye,【䔺】悅吹,以,上平05支,合三A,6
zrie,【齹】士宜,崇,上平05支,開三B,1
cjii,【脂】旨夷,章,上平06脂,開三A,10
jii,【姨】以脂,以,上平06脂,開三A,26
srii,【師】疏夷,生,上平06脂,開三B,6
bjii,【𣬈】房脂,並,上平06脂,開三A,23
cii,【咨】即夷,精,上平06脂,開三A,15
kii,【飢】居夷,見,上平06脂,開三B,4
chjii,【鴟】處脂,昌,上平06脂,開三A,7
thrii,【絺】丑飢,徹,上平06脂,開三B,7
chii,【郪】取私,清,上平06脂,開三A,9
zii,【茨】疾資,從,上平06脂,開三A,13
nrii,【尼】女夷,娘,上平06脂,開三B,8
drii,【墀】直尼,澄,上平06脂,開三B,15
sii,【私】息夷,心,上平06脂,開三A,5
sjii,【尸】式脂,書,上平06脂,開三A,4
gjii,【鬐】渠脂,群,上平06脂,開三A,11
qjii,【伊】於脂,影,上平06脂,開三A,5
lii,【棃】力脂,來,上平06脂,開三A,14
gjyi,【葵】渠追,群,上平06脂,合三A,8
tryi,【追】陟隹,知,上平06脂,合三B,3
kyi,【龜】居追,見,上平06脂,合三B,6
njyi,【蕤】儒隹,日,上平06脂,合三A,7
sryi,【衰】所追,生,上平06脂,合三B,3
jyi,【惟】以追,以,上平06脂,合三A,12
lyi,【㶟】力追,來,上平06脂,合三A,13
syi,【綏】息遺,心,上平06脂,合三A,12
gyi,【逵】渠追,群,上平06脂,合三B,19
mii,【眉】武悲,明,上平06脂,開三B,20
pii,【悲】府眉,幫,上平06脂,開三B,1
cjyi,【錐】職追,章,上平06脂,合三A,8
zjyi,【誰】視隹,常,上平06脂,合三A,3
yi,【帷】洧悲,云,上平06脂,合三B,1
bii,【邳】符悲,並,上平06脂,開三B,6
phii,【丕】敷悲,滂,上平06脂,開三B,12
hjyi,【倠】許維,曉,上平06脂,合三A,5
dryi,【鎚】直追,澄,上平06脂,合三B,5
chjyi,【推】尺隹,昌,上平06脂,合三A,2
trii,【胝】丁尼,知,上平06脂,開三B,4
phjii,【紕】匹夷,滂,上平06脂,開三A,6
cyi,【嶉】醉綏,精,上平06脂,合三A,2
khyi,【巋】丘追,溪,上平06脂,合三B,2
ngii,【狋】牛肌,疑,上平06脂,開三B,1
hjii,【咦】喜夷,曉,上平06脂,開三A,5
cji,【之】止而,章,上平07之,開三,4
ji,【飴】與之,以,上平07之,開三,27
zji,【時】市之,常,上平07之,開三,7
ngi,【疑】語其,疑,上平07之,開三,3
si,【思】息兹,心,上平07之,開三,15
chri,【輜】楚持,初,上平07之,開三,2
gi,【其】渠之,群,上平07之,開三,30
sji,【詩】書之,書,上平07之,開三,6
nji,【而】如之,日,上平07之,開三,21
khi,【欺】去其,溪,上平07之,開三,11
ki,【姬】居之,見,上平07之,開三,12
zsi,【詞】似兹,邪,上平07之,開三,7
li,【釐】里之,來,上平07之,開三,20
cri,【葘】側持,莊,上平07之,開三,15
hi,【僖】許其,曉,上平07之,開三,15
qi,【醫】於其,影,上平07之,開三,5
thri,【癡】丑之,徹,上平07之,開三,4
dri,【治】直之,澄,上平07之,開三,3
chji,【蚩】赤之,昌,上平07之,開三,7
zi,【慈】疾之,從,上平07之,開三,5
ci,【兹】子之,精,上平07之,開三,14
zri,【茬】士之,崇,上平07之,開三,1
zsri,【漦】俟甾,俟,上平07之,開三,3
myoi,【微】無非,明,上平08微,合三,8
hyoi,【揮】許歸,曉,上平08微,合三,13
yoi,【幃】雨非,云,上平08微,合三,15
phyoi,【霏】芳非,滂,上平08微,合三,9
pyoi,【猆】甫微,幫,上平08微,合三,12
byoi,【肥】符非,並,上平08微,合三,11
qyoi,【威】於非,影,上平08微,合三,8
gioi,【祈】渠希,群,上平08微,開三,19
kioi,【機】居依,見,上平08微,開三,16
hioi,【希】香衣,曉,上平08微,開三,12
qioi,【依】於希,影,上平08微,開三,8
ngioi,【沂】魚衣,疑,上平08微,開三,2
ngyoi,【巍】語韋,疑,上平08微,合三,2
kyoi,【歸】舉韋,見,上平08微,合三,3
khyoi,【蘬】丘韋,溪,上平08微,合三,2
ngio,【魚】語居,疑,上平09魚,開三,10
chrio,【初】楚居,初,上平09魚,開三,2
sjo,【書】傷魚,書,上平09魚,開三,7
kio,【居】九魚,見,上平09魚,開三,14
gio,【渠】強魚,群,上平09魚,開三,26
jo,【余】以諸,以,上平09魚,開三,30
sio,【胥】相居,心,上平09魚,開三,11
chio,【疽】七余,清,上平09魚,開三,16
zrio,【鉏】士魚,崇,上平09魚,開三,6
thrio,【攄】丑居,徹,上平09魚,開三,4
srio,【䟽】所葅,生,上平09魚,開三,11
hio,【虛】朽居,曉,上平09魚,開三,6
zsio,【徐】似魚,邪,上平09魚,開三,4
qio,【於】央居,影,上平09魚,開三,5
trio,【豬】陟魚,知,上平09魚,開三,6
lio,【臚】力居,來,上平09魚,開三,17
cjo,【諸】章魚,章,上平09魚,開三,7
drio,【除】直魚,澄,上平09魚,開三,13
njo,【如】人諸,日,上平09魚,開三,8
cio,【且】子魚,精,上平09魚,開三,4
khio,【虛】去魚,溪,上平09魚,開三,12
crio,【菹】側魚,莊,上平09魚,開三,4
zjo,【蜍】署魚,常,上平09魚,開三,2
nrio,【袽】女余,娘,上平09魚,開三,6
ngyo,【虞】遇俱,疑,上平10虞,合三,20
chryo,【芻】測隅,初,上平10虞,合三,2
myo,【無】武夫,明,上平10虞,合三,22
yo,【于】羽俱,云,上平10虞,合三,20
hyo,【訏】況于,曉,上平10虞,合三,20
gyo,【衢】其俱,群,上平10虞,合三,36
njyo,【儒】人朱,日,上平10虞,合三,16
syo,【須】相俞,心,上平10虞,合三,14
tryo,【株】陟輸,知,上平10虞,合三,11
thryo,【貙】敕俱,徹,上平10虞,合三,2
zjyo,【殊】市朱,常,上平10虞,合三,12
jyo,【逾】羊朱,以,上平10虞,合三,45
khyo,【區】豈俱,溪,上平10虞,合三,8
cjyo,【朱】章俱,章,上平10虞,合三,10
chyo,【趨】七逾,清,上平10虞,合三,3
lyo,【慺】力朱,來,上平10虞,合三,16
byo,【扶】防無,並,上平10虞,合三,26
zryo,【䅳】仕于,崇,上平10虞,合三,4
cryo,【㑳】莊俱,莊,上平10虞,合三,2
phyo,【敷】芳無,滂,上平10虞,合三,36
cyo,【諏】子于,精,上平10虞,合三,7
pyo,【跗】甫無,幫,上平10虞,合三,21
qyo,【紆】憶俱,影,上平10虞,合三,12
sjyo,【輸】式朱,書,上平10虞,合三,3
chjyo,【樞】昌朱,昌,上平10虞,合三,5
dryo,【廚】直誅,澄,上平10虞,合三,5
kyo,【拘】舉朱,見,上平10虞,合三,14
sryo,【毹】山芻,生,上平10虞,合三,4
mo,【模】莫胡,明,上平11模,開一,12
bo,【酺】薄胡,並,上平11模,開一,10
gho,【胡】戶吳,匣,上平11模,開一,30
ko,【孤】古胡,見,上平11模,開一,28
do,【徒】同都,定,上平11模,開一,31
no,【奴】乃都,泥,上平11模,開一,7
ho,【呼】荒烏,曉,上平11模,開一,17
ngo,【吾】五乎,疑,上平11模,開一,21
co,【租】則吾,精,上平11模,開一,2
lo,【盧】落胡,來,上平11模,開一,34
so,【蘇】素姑,心,上平11模,開一,4
zo,【徂】昨胡,從,上平11模,開一,4
qo,【烏】哀都,影,上平11模,開一,21
po,【逋】博孤,幫,上平11模,開一,13
kho,【枯】苦胡,溪,上平11模,開一,11
cho,【麤】倉胡,清,上平11模,開一,6
tho,【㻌】他胡,透,上平11模,開一,12
to,【都】當孤,端,上平11模,開一,7
pho,【𥠵】普胡,滂,上平11模,開一,12
ze,【齊】徂奚,從,上平12齊,開四,9
le,【黎】郎奚,來,上平12齊,開四,21
che,【妻】七稽,清,上平12齊,開四,10
te,【低】都奚,端,上平12齊,開四,23
de,【嗁】杜奚,定,上平12齊,開四,60
pe,【豍】邊兮,幫,上平12齊,開四,16
ke,【雞】古奚,見,上平12齊,開四,10
ghe,【奚】胡雞,匣,上平12齊,開四,18
qe,【鷖】烏奚,影,上平12齊,開四,12
nge,【倪】五稽,疑,上平12齊,開四,18
he,【醯】呼雞,曉,上平12齊,開四,6
se,【西】先稽,心,上平12齊,開四,16
the,【梯】土雞,透,上平12齊,開四,9
be,【鼙】部迷,並,上平12齊,開四,7
phe,【磇】匹迷,滂,上平12齊,開四,7
ce,【齎】祖稽,精,上平12齊,開四,15
me,【迷】莫兮,明,上平12齊,開四,6
ne,【泥】奴低,泥,上平12齊,開四,4
khe,【谿】苦奚,溪,上平12齊,開四,8
kue,【圭】古攜,見,上平12齊,合四,15
khue,【睽】苦圭,溪,上平12齊,合四,15
ghue,【攜】戶圭,匣,上平12齊,合四,25
que,【烓】烏攜,影,上平12齊,合四,3
hue,【睳】呼攜,曉,上平12齊,合四,1
kre,【佳】古膎,見,上平13佳,開二,2
ghre,【㥟】戶佳,匣,上平13佳,開二,8
bre,【牌】薄佳,並,上平13佳,開二,7
krue,【媧】古蛙,見,上平13佳,合二,7
qrue,【蛙】烏媧,影,上平13佳,合二,2
khrue,【咼】苦緺,溪,上平13佳,合二,6
zre,【柴】士佳,崇,上平13佳,開二,8
chre,【釵】楚佳,初,上平13佳,開二,9
hrue,【竵】火媧,曉,上平13佳,合二,4
nre,【䍲】㚷佳,娘,上平13佳,開二,3
ngre,【崖】五佳,疑,上平13佳,開二,7
qre,【娃】於佳,影,上平13佳,開二,5
sre,【崽】山佳,生,上平13佳,開二,3
hre,【㗨】火佳,曉,上平13佳,開二,2
thre,【扠】丑佳,徹,上平13佳,開二,1
mre,【䁲】莫佳,明,上平13佳,開二,2
ghrue,【鼃】戶媧,匣,上平13佳,合二,1
krai,【皆】古諧,見,上平14皆,開二,19
qrai,【𢰇】乙諧,影,上平14皆,開二,1
ghrai,【諧】戶皆,匣,上平14皆,開二,9
brai,【排】步皆,並,上平14皆,開二,6
kruai,【乖】古懷,見,上平14皆,合二,4
ghruai,【懷】戶乖,匣,上平14皆,合二,12
khruai,【匯】苦淮,溪,上平14皆,合二,3
zrai,【豺】士皆,崇,上平14皆,開二,4
chrai,【差】楚皆,初,上平14皆,開二,2
hruai,【虺】呼懷,曉,上平14皆,合二,1
druai,【尵】杜懷,澄,上平14皆,合二,2
mrai,【埋】莫皆,明,上平14皆,開二,4
crai,【齋】側皆,莊,上平14皆,開二,1
qruai,【崴】乙乖,影,上平14皆,合二,4
trai,【𪘨】卓皆,知,上平14皆,開二,2
lrai,【唻】賴諧,來,上平14皆,開二,1
khrai,【揩】口皆,溪,上平14皆,開二,4
nrai,【摨】諾皆,娘,上平14皆,開二,1
srai,【崽】山皆,生,上平14皆,開二,2
ngrai,【𩂢】擬皆,疑,上平14皆,開二,2
thrai,【搋】丑皆,徹,上平14皆,開二,1
hrai,【𢓬】喜皆,曉,上平14皆,開二,1
lruai,【䐯】力懷,來,上平14皆,合二,1
zruai,【膗】仕懷,崇,上平14皆,合二,2
huai,【灰】呼恢,曉,上平15灰,合一,6
khuai,【恢】苦回,溪,上平15灰,合一,8
quai,【隈】烏恢,影,上平15灰,合一,11
ghuai,【回】戶恢,匣,上平15灰,合一,13
muai,【枚】莫杯,明,上平15灰,合一,15
kuai,【傀】公回,見,上平15灰,合一,10
luai,【雷】魯回,來,上平15灰,合一,13
duai,【穨】杜回,定,上平15灰,合一,13
chuai,【崔】倉回,清,上平15灰,合一,6
tuai,【磓】都回,端,上平15灰,合一,15
suai,【𤗯】素回,心,上平15灰,合一,6
zuai,【摧】昨回,從,上平15灰,合一,5
buai,【裴】薄回,並,上平15灰,合一,12
puai,【桮】布回,幫,上平15灰,合一,3
phuai,【肧】芳杯,滂,上平15灰,合一,8
nguai,【鮠】五灰,疑,上平15灰,合一,5
thuai,【𨌴】他回,透,上平15灰,合一,7
nuai,【𢅼】乃回,泥,上平15灰,合一,3
cuai,【嗺】臧回,精,上平15灰,合一,4
hai,【咍】呼來,曉,上平16咍,開一,3
khai,【開】苦哀,溪,上平16咍,開一,5
qai,【哀】烏開,影,上平16咍,開一,6
dai,【臺】徒哀,定,上平16咍,開一,15
kai,【該】古哀,見,上平16咍,開一,20
zai,【裁】昨哉,從,上平16咍,開一,9
lai,【來】落哀,來,上平16咍,開一,25
cai,【烖】祖才,精,上平16咍,開一,12
chai,【猜】倉才,清,上平16咍,開一,6
thai,【胎】土來,透,上平16咍,開一,7
ghai,【孩】戶來,匣,上平16咍,開一,8
sai,【鰓】蘇來,心,上平16咍,開一,8
ngai,【皚】五來,疑,上平16咍,開一,7
nai,【能】奴來,泥,上平16咍,開一,2
tai,【𪒴】丁來,端,上平16咍,開一,2
chjai,【㹗】昌來,昌,上平16咍,開三,2
cjin,【眞】職鄰,章,上平17真,開三A,16
thrin,【𤣆】丑人,徹,上平17真,開三B,3
qjin,【因】於真,影,上平17真,開三A,22
sin,【新】息鄰,心,上平17真,開三A,3
zjin,【辰】植鄰,常,上平17真,開三A,13
njin,【仁】如鄰,日,上平17真,開三A,3
zsjin,【神】食鄰,船,上平17真,開三A,2
chin,【親】七人,清,上平17真,開三A,3
in,【礥】下珍,云,上平17真,開三A,3
sjin,【申】失人,書,上平17真,開三A,16
pjin,【賔】必鄰,幫,上平17真,開三A,10
lin,【㷠】力珍,來,上平17真,開三A,23
gin,【𥎊】巨巾,群,上平17真,開三B,5
trin,【珍】陟鄰,知,上平17真,開三B,3
drin,【陳】直珍,澄,上平17真,開三B,5
cin,【津】將鄰,精,上平17真,開三A,5
chjin,【瞋】昌真,昌,上平17真,開三A,6
zin,【秦】匠鄰,從,上平17真,開三A,3
jin,【寅】翼真,以,上平17真,開三A,6
nrin,【紉】女鄰,娘,上平17真,開三B,1
phjin,【繽】匹賓,滂,上平17真,開三A,5
bjin,【頻】符真,並,上平17真,開三A,14
ngin,【銀】語巾,疑,上平17真,開三B,16
kin,【巾】居銀,見,上平17真,開三B,1
kyn,【麏】居筠,見,上平17真,合三B,6
yn,【筠】爲贇,云,上平17真,合三B,4
khyn,【囷】去倫,溪,上平17真,合三B,7
min,【珉】武巾,明,上平17真,開三B,19
bin,【貧】符巾,並,上平17真,開三B,2
qin,【𪔗】於巾,影,上平17真,開三B,3
qyn,【贇】於倫,影,上平17真,合三B,4
pin,【彬】府巾,幫,上平17真,開三B,13
mjin,【民】彌鄰,明,上平17真,開三A,5
cjyn,【諄】章倫,章,上平18諄,合三A,5
thryn,【椿】丑倫,徹,上平18諄,合三B,8
dryn,【䣩】直倫,澄,上平18諄,合三B,2
syn,【荀】相倫,心,上平18諄,合三A,14
zjyn,【純】常倫,常,上平18諄,合三A,13
njyn,【犉】如勻,日,上平18諄,合三A,4
zsjyn,【脣】食倫,船,上平18諄,合三A,5
lyn,【淪】力迍,來,上平18諄,合三A,15
tryn,【屯】陟綸,知,上平18諄,合三B,4
chyn,【逡】七倫,清,上平18諄,合三A,10
cyn,【遵】將倫,精,上平18諄,合三A,5
chjyn,【春】昌脣,昌,上平18諄,合三A,1
zyn,【鷷】昨旬,從,上平18諄,合三A,1
jyn,【勻】羊倫,以,上平18諄,合三A,2
zsyn,【旬】詳遵,邪,上平18諄,合三A,17
kjyn,【均】居勻,見,上平18諄,合三A,4
gjin,【𧼒】渠人,群,上平18諄,開三A,1
phin,【砏】普巾,滂,上平18諄,開三B,2
crin,【臻】側詵,莊,上平19臻,開三,11
srin,【莘】所臻,生,上平19臻,開三,20
zrin,【𦿒】士臻,崇,上平19臻,開三,3
myon,【文】無分,明,上平20文,合三,16
yon,【雲】王分,云,上平20文,合三,22
qyon,【煴】於云,影,上平20文,合三,10
byon,【汾】符分,並,上平20文,合三,37
pyon,【分】府文,幫,上平20文,合三,6
gyon,【羣】渠云,群,上平20文,合三,5
hyon,【薰】許云,曉,上平20文,合三,12
kyon,【君】舉云,見,上平20文,合三,8
phyon,【芬】撫文,滂,上平20文,合三,13
hion,【欣】許斤,曉,上平21欣,開三,6
qion,【殷】於斤,影,上平21欣,開三,4
gion,【勤】巨斤,群,上平21欣,開三,8
kion,【斤】舉欣,見,上平21欣,開三,4
ngion,【䖐】語斤,疑,上平21欣,開三,12
ngyan,【元】愚袁,疑,上平22元,合三,22
yan,【袁】雨元,云,上平22元,合三,16
byan,【煩】附袁,並,上平22元,合三,38
phyan,【飜】孚袁,滂,上平22元,合三,10
hyan,【暄】況袁,曉,上平22元,合三,19
qyan,【鴛】於袁,影,上平22元,合三,18
ngian,【言】語軒,疑,上平22元,開三,5
khian,【攑】丘言,溪,上平22元,開三,2
hian,【軒】虛言,曉,上平22元,開三,6
kian,【𢳚】居言,見,上平22元,開三,12
qian,【蔫】謁言,影,上平22元,開三,2
pyan,【蕃】甫煩,幫,上平22元,合三,6
gian,【𥴤】巨言,群,上平22元,開三,2
myan,【樠】武元,明,上平22元,合三,1
ghuon,【䰟】戶昆,匣,上平23魂,合一,24
kuon,【昆】古渾,見,上平23魂,合一,20
quon,【𥁕】烏渾,影,上平23魂,合一,13
muon,【門】莫奔,明,上平23魂,合一,13
suon,【孫】思渾,心,上平23魂,合一,6
cuon,【尊】祖昆,精,上平23魂,合一,5
zuon,【存】徂尊,從,上平23魂,合一,5
tuon,【敦】都昆,端,上平23魂,合一,7
thuon,【暾】他昆,透,上平23魂,合一,7
duon,【屯】徒渾,定,上平23魂,合一,22
chuon,【村】此尊,清,上平23魂,合一,1
nguon,【㑮】牛昆,疑,上平23魂,合一,4
buon,【盆】蒲奔,並,上平23魂,合一,4
puon,【奔】博昆,幫,上平23魂,合一,4
luon,【論】盧昆,來,上平23魂,合一,4
khuon,【坤】苦昆,溪,上平23魂,合一,7
huon,【昏】呼昆,曉,上平23魂,合一,7
phuon,【濆】普䰟,滂,上平23魂,合一,3
nuon,【黁】奴昆,泥,上平23魂,合一,1
ghon,【痕】戶恩,匣,上平24痕,開一,4
kon,【根】古痕,見,上平24痕,開一,4
qon,【恩】烏痕,影,上平24痕,開一,3
thon,【吞】吐根,透,上平24痕,開一,1
ngon,【垠】五根,疑,上平24痕,開一,3
ghan,【寒】胡安,匣,上平25寒,開一,12
ngan,【豻】俄寒,疑,上平25寒,開一,4
tan,【單】都寒,端,上平25寒,開一,10
qan,【安】烏寒,影,上平25寒,開一,5
nan,【難】那干,泥,上平25寒,開一,4
chan,【餐】七安,清,上平25寒,開一,3
than,【灘】他干,透,上平25寒,開一,10
san,【𦙱】蘇干,心,上平25寒,開一,5
dan,【壇】徒干,定,上平25寒,開一,15
zan,【殘】昨干,從,上平25寒,開一,7
kan,【干】古寒,見,上平25寒,開一,16
lan,【蘭】落干,來,上平25寒,開一,12
khan,【看】苦寒,溪,上平25寒,開一,6
han,【頇】許干,曉,上平25寒,開一,2
nuan,【濡】乃官,泥,上平25寒,合一,1
ghuan,【桓】胡官,匣,上平26桓,合一,29
nguan,【岏】五丸,疑,上平26桓,合一,10
tuan,【端】多官,端,上平26桓,合一,11
quan,【剜】一丸,影,上平26桓,合一,6
thuan,【湍】他端,透,上平26桓,合一,6
suan,【酸】素官,心,上平26桓,合一,5
duan,【團】度官,定,上平26桓,合一,12
zuan,【櫕】在丸,從,上平26桓,合一,9
kuan,【官】古丸,見,上平26桓,合一,10
luan,【鑾】落官,來,上平26桓,合一,14
huan,【歡】呼官,曉,上平26桓,合一,13
khuan,【寬】苦官,溪,上平26桓,合一,2
cuan,【鑚】借官,精,上平26桓,合一,6
buan,【槃】薄官,並,上平26桓,開一,22
muan,【瞞】母官,明,上平26桓,開一,24
phuan,【潘】普官,滂,上平26桓,開一,6
puan,【𤳖】北潘,幫,上平26桓,開一,4
sran,【刪】所姦,生,上平27刪,開二,5
kruan,【關】古還,見,上平27刪,合二,6
qruan,【彎】烏關,影,上平27刪,合二,5
sruan,【𣠯】數還,生,上平27刪,合二,1
ghruan,【還】戶關,匣,上平27刪,合二,20
pran,【班】布還,幫,上平27刪,開二,13
mran,【蠻】莫還,明,上平27刪,開二,7
ngran,【顏】五姦,疑,上平27刪,開二,2
kran,【姦】古顏,見,上平27刪,開二,4
phran,【攀】普班,滂,上平27刪,開二,3
nruan,【奻】奴還,娘,上平27刪,合二,1
ngruan,【𤸷】五還,疑,上平27刪,合二,2
khran,【馯】丘姦,溪,上平27刪,開二,3
cruan,【跧】阻頑,莊,上平27刪,合二,1
sren,【山】所閒,生,上平28山,開二,3
kruen,【鰥】古頑,見,上平28山,合二,3
kren,【閒】古閑,見,上平28山,開二,6
ghren,【閑】戶閒,匣,上平28山,開二,9
khren,【慳】苦閑,溪,上平28山,開二,8
zren,【虥】士山,崇,上平28山,開二,7
hren,【羴】許閒,曉,上平28山,開二,1
ngren,【訮】五閑,疑,上平28山,開二,4
qren,【黰】烏閑,影,上平28山,開二,5
pren,【斒】方閑,幫,上平28山,開二,2
lren,【斕】力閑,來,上平28山,開二,4
nren,【嘫】女閑,娘,上平28山,開二,2
chjren,【㺗】充山,昌,上平28山,開三,1
qruen,【𡣬】委鰥,影,上平28山,合二,1
druen,【窀】墜頑,澄,上平28山,合二,1
lruen,【𡰠】力頑,來,上平28山,合二,1
gruen,【𡰝】跪頑,群,上平28山,合二,1
tren,【譠】陟山,知,上平28山,開二,2
dren,【𤣆】直閑,澄,上平28山,開二,1
ghruen,【湲】獲頑,匣,上平28山,合二,3
sen,【先】蘇前,心,下平01先,開四,4
zen,【前】昨先,從,下平01先,開四,5
chen,【千】蒼先,清,下平01先,開四,9
cen,【箋】則前,精,下平01先,開四,15
then,【天】他前,透,下平01先,開四,6
ken,【堅】古賢,見,下平01先,開四,17
ghen,【賢】胡田,匣,下平01先,開四,17
qen,【煙】烏前,影,下平01先,開四,12
len,【蓮】落賢,來,下平01先,開四,8
den,【田】徒年,定,下平01先,開四,19
nen,【秊】奴顛,泥,下平01先,開四,3
ten,【顚】都年,端,下平01先,開四,15
khen,【牽】苦堅,溪,下平01先,開四,9
ngen,【妍】五堅,疑,下平01先,開四,8
men,【眠】莫賢,明,下平01先,開四,7
ben,【蹁】部田,並,下平01先,開四,12
quen,【淵】烏玄,影,下平01先,合四,10
kuen,【涓】古玄,見,下平01先,合四,8
huen,【鋗】火玄,曉,下平01先,合四,5
pen,【邊】布玄,幫,下平01先,開四,14
ghuen,【玄】胡涓,匣,下平01先,合四,13
hen,【祆】呼煙,曉,下平01先,開四,2
zruen,【𤜼】崇玄,崇,下平01先,合四,1
sien,【仙】相然,心,下平02仙,開三A,12
zien,【錢】昨仙,從,下平02仙,開三A,2
chien,【遷】七然,清,下平02仙,開三A,8
cien,【煎】子仙,精,下平02仙,開三A,4
njen,【然】如延,日,下平02仙,開三A,9
jen,【延】以然,以,下平02仙,開三A,13
cjen,【𩜾】諸延,章,下平02仙,開三A,8
kjen,【甄】居延,見,下平02仙,開三A,3
trien,【邅】張連,知,下平02仙,開三B,5
zrien,【潺】士連,崇,下平02仙,開三B,5
sjen,【羶】式連,書,下平02仙,開三A,8
thrien,【脠】丑延,徹,下平02仙,開三B,4
zjen,【鋋】市連,常,下平02仙,開三A,9
drien,【纏】直連,澄,下平02仙,開三B,10
hien,【嘕】許延,曉,下平02仙,開三B,4
lien,【連】力延,來,下平02仙,開三A,13
phjen,【篇】芳連,滂,下平02仙,開三A,7
bjen,【便】房連,並,下平02仙,開三A,9
mjen,【緜】武延,明,下平02仙,開三A,17
zyen,【全】疾緣,從,下平02仙,合三A,7
syen,【宣】須緣,心,下平02仙,合三A,9
cyen,【鐫】子泉,精,下平02仙,合三A,4
hjyen,【翾】許緣,曉,下平02仙,合三A,9
njyen,【堧】而緣,日,下平02仙,合三A,6
chjyen,【穿】昌緣,昌,下平02仙,合三A,3
jyen,【沿】與專,以,下平02仙,合三A,12
zsyen,【旋】似宣,邪,下平02仙,合三A,17
qjyen,【娟】於緣,影,下平02仙,合三A,7
zsjyen,【船】食川,船,下平02仙,合三A,2
pjen,【鞭】卑連,幫,下平02仙,開三A,6
zsien,【㳄】夕連,邪,下平02仙,開三A,2
chyen,【詮】此緣,清,下平02仙,合三A,19
cjyen,【專】職緣,章,下平02仙,合三A,12
zjyen,【遄】市緣,常,下平02仙,合三A,8
yen,【員】王權,云,下平02仙,合三B,4
cryen,【恮】莊緣,莊,下平02仙,合三B,4
sryen,【栓】山員,生,下平02仙,合三B,2
thryen,【猭】丑緣,徹,下平02仙,合三B,2
gien,【乾】渠焉,群,下平02仙,開三B,9
khien,【愆】去乾,溪,下平02仙,開三B,10
gyen,【權】巨員,群,下平02仙,合三B,23
dryen,【椽】直攣,澄,下平02仙,合三B,2
lyen,【攣】呂員,來,下平02仙,合三A,3
khyen,【弮】丘圓,溪,下平02仙,合三B,5
qien,【焉】於乾,影,下平02仙,開三B,5
ien,【漹】有乾,云,下平02仙,開三B,3
qyen,【𡣬】於權,影,下平02仙,合三B,2
chjen,【燀】尺延,昌,下平02仙,開三A,1
tryen,【𡰝】丁全,知,下平02仙,合三B,1
kyen,【勬】居員,見,下平02仙,合三B,1
seu,【蕭】蘇彫,心,下平03蕭,開四,16
theu,【祧】吐彫,透,下平03蕭,開四,11
teu,【貂】都聊,端,下平03蕭,開四,22
deu,【迢】徒聊,定,下平03蕭,開四,22
keu,【驍】古堯,見,下平03蕭,開四,9
leu,【聊】落蕭,來,下平03蕭,開四,42
ngeu,【堯】五聊,疑,下平03蕭,開四,5
heu,【膮】許幺,曉,下平03蕭,開四,7
qeu,【幺】於堯,影,下平03蕭,開四,5
kheu,【鄡】苦幺,溪,下平03蕭,開四,5
sieu,【宵】相邀,心,下平04宵,開三A,20
thrieu,【超】敕宵,徹,下平04宵,開三B,6
trieu,【朝】陟遙,知,下平04宵,開三B,2
drieu,【鼂】直遙,澄,下平04宵,開三B,5
hieu,【嚻】許嬌,曉,下平04宵,開三B,10
zieu,【樵】昨焦,從,下平04宵,開三A,15
kieu,【驕】舉喬,見,下平04宵,開三B,9
cieu,【焦】即消,精,下平04宵,開三A,17
njeu,【饒】如招,日,下平04宵,開三A,6
sjeu,【燒】式招,書,下平04宵,開三A,2
jeu,【遙】餘昭,以,下平04宵,開三A,36
zjeu,【韶】市昭,常,下平04宵,開三A,10
cjeu,【昭】止遙,章,下平04宵,開三A,7
pjeu,【飊】甫遙,幫,下平04宵,開三A,15
pieu,【鑣】甫嬌,幫,下平04宵,開三B,7
bjeu,【瓢】符霄,並,下平04宵,開三A,6
mjeu,【蜱】彌遙,明,下平04宵,開三A,5
mieu,【苗】武瀌,明,下平04宵,開三B,5
qjeu,【要】於霄,影,下平04宵,開三A,9
ieu,【鴞】于嬌,云,下平04宵,開三B,2
gieu,【喬】巨嬌,群,下平04宵,開三B,16
chieu,【鍫】七遙,清,下平04宵,開三A,7
qieu,【妖】於喬,影,下平04宵,開三B,5
khjeu,【蹻】去遙,溪,下平04宵,開三A,6
chjeu,【怊】尺招,昌,下平04宵,開三A,2
phjeu,【𤐫】撫招,滂,下平04宵,開三A,21
gjeu,【翹】渠遙,群,下平04宵,開三A,6
lieu,【燎】力昭,來,下平04宵,開三A,2
khieu,【趫】起囂,溪,下平04宵,開三B,4
ghrau,【肴】胡茅,匣,下平05肴,開二,19
krau,【交】古肴,見,下平05肴,開二,22
zrau,【巢】鉏交,崇,下平05肴,開二,8
nrau,【鐃】女交,娘,下平05肴,開二,9
srau,【梢】所交,生,下平05肴,開二,17
mrau,【茅】莫交,明,下平05肴,開二,8
hrau,【虓】許交,曉,下平05肴,開二,16
prau,【包】布交,幫,下平05肴,開二,5
phrau,【胞】匹交,滂,下平05肴,開二,9
khrau,【敲】口交,溪,下平05肴,開二,11
ngrau,【聱】五交,疑,下平05肴,開二,4
crau,【𦗔】側交,莊,下平05肴,開二,5
trau,【嘲】陟交,知,下平05肴,開二,5
chrau,【䜈】楚交,初,下平05肴,開二,6
brau,【庖】薄交,並,下平05肴,開二,17
qrau,【䫜】於交,影,下平05肴,開二,9
thrau,【䫸】敕交,徹,下平05肴,開二,2
lrau,【顟】力嘲,來,下平05肴,開二,4
drau,【䄻】直交,澄,下平05肴,開二,1
ghau,【豪】胡刀,匣,下平06豪,開一,13
kau,【髙】古勞,見,下平06豪,開一,21
lau,【勞】魯刀,來,下平06豪,開一,22
hau,【蒿】呼毛,曉,下平06豪,開一,7
mau,【毛】莫袍,明,下平06豪,開一,10
thau,【饕】土刀,透,下平06豪,開一,28
tau,【刀】都牢,端,下平06豪,開一,7
sau,【騷】蘇遭,心,下平06豪,開一,13
bau,【袍】薄襃,並,下平06豪,開一,3
pau,【襃】博毛,幫,下平06豪,開一,4
dau,【陶】徒刀,定,下平06豪,開一,25
cau,【糟】作曹,精,下平06豪,開一,9
ngau,【敖】五勞,疑,下平06豪,開一,25
zau,【曹】昨勞,從,下平06豪,開一,14
qau,【𤏶】於刀,影,下平06豪,開一,3
nau,【猱】奴刀,泥,下平06豪,開一,8
khau,【尻】苦刀,溪,下平06豪,開一,2
chau,【操】七刀,清,下平06豪,開一,4
phau,【㯱】普袍,滂,下平06豪,開一,4
ka,【歌】古俄,見,下平07歌,開一,11
cha,【蹉】七何,清,下平07歌,開一,7
ta,【多】得何,端,下平07歌,開一,3
sa,【娑】素何,心,下平07歌,開一,11
da,【駝】徒河,定,下平07歌,開一,23
za,【醝】昨何,從,下平07歌,開一,19
nga,【莪】五何,疑,下平07歌,開一,13
tha,【佗】託何,透,下平07歌,開一,7
la,【羅】魯何,來,下平07歌,開一,10
na,【那】諾何,泥,下平07歌,開一,9
gha,【何】胡歌,匣,下平07歌,開一,7
ha,【訶】虎何,曉,下平07歌,開一,5
kha,【珂】苦何,溪,下平07歌,開一,4
qa,【阿】烏何,影,下平07歌,開一,7
kua,【戈】古禾,見,下平08戈,合一,15
chua,【遳】七戈,清,下平08戈,合一,1
tua,【𨹄】丁戈,端,下平08戈,合一,2
sua,【莎】蘇禾,心,下平08戈,合一,12
bua,【婆】薄波,並,下平08戈,開一,9
dua,【㸰】徒和,定,下平08戈,合一,3
mua,【摩】莫婆,明,下平08戈,開一,11
zua,【矬】昨禾,從,下平08戈,合一,5
ngua,【訛】五禾,疑,下平08戈,合一,7
thua,【詑】土禾,透,下平08戈,合一,5
lua,【𩼊】落戈,來,下平08戈,合一,16
nua,【捼】奴禾,泥,下平08戈,合一,2
pua,【波】博禾,幫,下平08戈,開一,6
phua,【頗】滂禾,滂,下平08戈,開一,4
ghua,【和】戶戈,匣,下平08戈,合一,9
khua,【科】苦禾,溪,下平08戈,合一,14
qua,【倭】烏禾,影,下平08戈,合一,7
hya,【鞾】許𦚢,曉,下平08戈,合三,4
qya,【𦚢】於靴,影,下平08戈,合三,2
khya,【𩨷】去靴,溪,下平08戈,合三,2
gia,【伽】求迦,群,下平08戈,開三,3
khia,【佉】丘伽,溪,下平08戈,開三,4
kia,【迦】居伽,見,下平08戈,開三,1
chya,【脞】醋伽,清,下平08戈,合三,2
cya,【侳】子𩨷,精,下平08戈,合三,2
gya,【瘸】巨靴,群,下平08戈,合三,1
lya,【𦣛】縷𩨷,來,下平08戈,合三,1
mra,【麻】莫霞,明,下平09麻,開二,8
chja,【車】尺遮,昌,下平09麻,開三,2
sja,【奢】式車,書,下平09麻,開三,3
ja,【邪】以遮,以,下平09麻,開三,13
cja,【遮】正奢,章,下平09麻,開三,4
cia,【嗟】子邪,精,下平09麻,開三,12
zsja,【蛇】食遮,船,下平09麻,開三,3
ghrua,【華】戶花,匣,下平09麻,合二,10
krua,【瓜】古華,見,下平09麻,合二,7
hrua,【華】呼瓜,曉,下平09麻,合二,4
khrua,【誇】苦瓜,溪,下平09麻,合二,8
nra,【拏】女加,娘,下平09麻,開二,8
kra,【嘉】古牙,見,下平09麻,開二,26
ghra,【遐】胡加,匣,下平09麻,開二,14
phra,【葩】普巴,滂,下平09麻,開二,7
qra,【鴉】於加,影,下平09麻,開二,8
pra,【巴】伯加,幫,下平09麻,開二,8
chra,【叉】初牙,初,下平09麻,開二,9
sra,【鯊】所加,生,下平09麻,開二,11
ngra,【牙】五加,疑,下平09麻,開二,7
cra,【樝】側加,莊,下平09麻,開二,12
dra,【𡨀】宅加,澄,下平09麻,開二,15
zsia,【衺】似嗟,邪,下平09麻,開三,4
zja,【闍】視遮,常,下平09麻,開三,5
qrua,【窊】烏瓜,影,下平09麻,合二,6
crua,【髽】莊華,莊,下平09麻,合二,1
trua,【檛】陟瓜,知,下平09麻,合二,4
bra,【爬】蒲巴,並,下平09麻,開二,3
zra,【楂】鉏加,崇,下平09麻,開二,6
thra,【侘】敕加,徹,下平09麻,開二,4
tra,【奓】陟加,知,下平09麻,開二,8
hra,【煆】許加,曉,下平09麻,開二,6
khra,【䶗】苦加,溪,下平09麻,開二,3
zia,【㚗】才邪,從,下平09麻,開三,1
nja,【若】人賒,日,下平09麻,開三,2
sia,【些】寫邪,心,下平09麻,開三,1
tria,【爹】陟邪,知,下平09麻,開三,1
ngrua,【𣢉】五瓜,疑,下平09麻,合二,3
jang,【陽】與章,以,下平10陽,開三,31
zsiang,【詳】似羊,邪,下平10陽,開三,8
liang,【良】呂張,來,下平10陽,開三,18
hiang,【香】許良,曉,下平10陽,開三,5
sjang,【商】式羊,書,下平10陽,開三,18
byang,【房】符方,並,下平10陽,合三,7
cjang,【章】諸良,章,下平10陽,開三,15
chjang,【昌】尺良,昌,下平10陽,開三,8
khiang,【羌】去羊,溪,下平10陽,開三,4
kiang,【薑】居良,見,下平10陽,開三,15
driang,【長】直良,澄,下平10陽,開三,8
triang,【張】陟良,知,下平10陽,開三,4
njang,【穰】汝陽,日,下平10陽,開三,17
pyang,【方】府良,幫,下平10陽,合三,13
siang,【襄】息良,心,下平10陽,開三,13
ciang,【將】即良,精,下平10陽,開三,6
chriang,【創】初良,初,下平10陽,開三,3
myang,【亡】武方,明,下平10陽,合三,11
nriang,【孃】女良,娘,下平10陽,開三,4
zriang,【牀】士莊,崇,下平10陽,開三,3
criang,【莊】側羊,莊,下平10陽,開三,5
zjang,【常】市羊,常,下平10陽,開三,10
sriang,【霜】色莊,生,下平10陽,開三,7
ziang,【牆】在良,從,下平10陽,開三,10
chiang,【鏘】七羊,清,下平10陽,開三,12
khyang,【匡】去王,溪,下平10陽,合三,13
yang,【王】雨方,云,下平10陽,合三,4
qiang,【央】於良,影,下平10陽,開三,9
giang,【強】巨良,群,下平10陽,開三,4
thriang,【𦳝】褚羊,徹,下平10陽,開三,3
phyang,【芳】敷方,滂,下平10陽,合三,3
gyang,【狂】巨王,群,下平10陽,合三,5
dang,【唐】徒郎,定,下平11唐,開一,40
lang,【郎】魯當,來,下平11唐,開一,30
tang,【當】都郎,端,下平11唐,開一,11
chang,【倉】七岡,清,下平11唐,開一,7
kang,【岡】古郎,見,下平11唐,開一,16
sang,【桑】息郎,心,下平11唐,開一,6
khang,【康】苦岡,溪,下平11唐,開一,14
huang,【荒】呼光,曉,下平11唐,合一,14
ghuang,【黃】胡光,匣,下平11唐,合一,32
kuang,【光】古黃,見,下平11唐,合一,14
thang,【湯】吐郎,透,下平11唐,開一,11
phang,【滂】普郎,滂,下平11唐,開一,7
quang,【汪】烏光,影,下平11唐,合一,5
qang,【鴦】烏郎,影,下平11唐,開一,7
hang,【炕】呼郎,曉,下平11唐,開一,4
ghang,【航】胡郎,匣,下平11唐,開一,18
mang,【茫】莫郎,明,下平11唐,開一,14
cang,【臧】則郎,精,下平11唐,開一,6
nang,【囊】奴當,泥,下平11唐,開一,2
bang,【傍】步光,並,下平11唐,開一,13
ngang,【卬】五剛,疑,下平11唐,開一,7
zang,【藏】昨郎,從,下平11唐,開一,1
khuang,【䯑】苦光,溪,下平11唐,合一,1
pang,【幫】博旁,幫,下平11唐,開一,5
krang,【庚】古行,見,下平12庚,開二,12
khrang,【阬】客庚,溪,下平12庚,開二,6
mrang,【盲】武庚,明,下平12庚,開二,8
ghruang,【橫】戶盲,匣,下平12庚,合二,16
prang,【閍】甫盲,幫,下平12庚,開二,6
hruang,【諻】虎橫,曉,下平12庚,合二,5
kruang,【觵】古橫,見,下平12庚,合二,6
brang,【彭】薄庚,並,下平12庚,開二,17
hrang,【脝】許庚,曉,下平12庚,開二,3
thrang,【瞠】丑庚,徹,下平12庚,開二,5
chrang,【鎗】楚庚,初,下平12庚,開二,4
zrang,【傖】助庚,崇,下平12庚,開二,5
qieng,【霙】於驚,影,下平12庚,開三,10
phrang,【磅】撫庚,滂,下平12庚,開二,4
bieng,【平】符兵,並,下平12庚,開三,8
kieng,【驚】舉卿,見,下平12庚,開三,7
mieng,【明】武兵,明,下平12庚,開三,5
drang,【棖】直庚,澄,下平12庚,開二,7
trang,【趟】竹盲,知,下平12庚,開二,2
yeng,【榮】永兵,云,下平12庚,合三,6
pieng,【兵】甫明,幫,下平12庚,開三,1
hyeng,【兄】許榮,曉,下平12庚,合三,1
khieng,【卿】去京,溪,下平12庚,開三,1
srang,【生】所庚,生,下平12庚,開二,10
gieng,【擎】渠京,群,下平12庚,開三,11
ngieng,【迎】語京,疑,下平12庚,開三,1
ghrang,【行】戶庚,匣,下平12庚,開二,10
nrang,【鬤】乃庚,娘,下平12庚,開二,6
kreng,【耕】古莖,見,下平13耕,開二,1
khreng,【鏗】口莖,溪,下平13耕,開二,15
mreng,【甍】莫耕,明,下平13耕,開二,11
preng,【浜】布耕,幫,下平13耕,開二,2
ghrueng,【宏】戶萌,匣,下平13耕,合二,16
ghreng,【莖】戶耕,匣,下平13耕,開二,3
treng,【朾】中莖,知,下平13耕,開二,7
qreng,【甖】烏莖,影,下平13耕,開二,13
zreng,【崢】士耕,崇,下平13耕,開二,6
chreng,【琤】楚耕,初,下平13耕,開二,5
nreng,【儜】女耕,娘,下平13耕,開二,7
phreng,【怦】普耕,滂,下平13耕,開二,11
hrueng,【轟】呼宏,曉,下平13耕,合二,15
dreng,【橙】宅耕,澄,下平13耕,開二,12
qrueng,【泓】烏宏,影,下平13耕,合二,4
breng,【輣】薄萌,並,下平13耕,開二,5
ngreng,【娙】五莖,疑,下平13耕,開二,2
creng,【爭】側莖,莊,下平13耕,開二,7
chieng,【清】七情,清,下平14清,開三A,2
zieng,【情】疾盈,從,下平14清,開三A,5
cieng,【精】子盈,精,下平14清,開三A,15
jeng,【盈】以成,以,下平14清,開三A,12
jyeng,【營】余傾,以,下平14清,合三A,6
qjeng,【嬰】於盈,影,下平14清,開三A,7
trieng,【貞】陟盈,知,下平14清,開三B,6
thrieng,【檉】丑貞,徹,下平14清,開三B,8
zjeng,【成】是征,常,下平14清,開三A,10
drieng,【呈】直貞,澄,下平14清,開三B,7
sjeng,【聲】書盈,書,下平14清,開三A,1
cjeng,【征】諸盈,章,下平14清,開三A,13
khjeng,【輕】去盈,溪,下平14清,開三A,3
mjeng,【名】武并,明,下平14清,開三A,2
lieng,【跉】呂貞,來,下平14清,開三A,2
pjeng,【并】府盈,幫,下平14清,開三A,4
khjyeng,【傾】去營,溪,下平14清,合三A,2
zsieng,【𩛿】徐盈,邪,下平14清,開三A,1
qjyeng,【縈】於營,影,下平14清,合三A,5
gjyeng,【瓊】渠營,群,下平14清,合三A,17
syeng,【騂】息營,心,下平14清,合三A,4
gjeng,【頸】巨成,群,下平14清,開三A,4
hjyeng,【𧵣】火營,曉,下平14清,合三A,1
cheng,【青】倉經,清,下平15青,開四,5
keng,【經】古靈,見,下平15青,開四,4
gheng,【𠛼】戶經,匣,下平15青,開四,17
deng,【庭】特丁,定,下平15青,開四,21
teng,【丁】當經,端,下平15青,開四,8
heng,【馨】呼刑,曉,下平15青,開四,3
seng,【星】桑經,心,下平15青,開四,12
pheng,【竮】普丁,滂,下平15青,開四,8
leng,【靈】郎丁,來,下平15青,開四,87
neng,【寧】奴丁,泥,下平15青,開四,9
theng,【汀】他丁,透,下平15青,開四,14
meng,【冥】莫經,明,下平15青,開四,15
beng,【瓶】薄經,並,下平15青,開四,15
ghueng,【熒】戶扃,匣,下平15青,合四,6
kueng,【扃】古螢,見,下平15青,合四,8
cjing,【蒸】煑仍,章,下平16蒸,開三,7
zjing,【承】署陵,常,下平16蒸,開三,3
dring,【澂】直陵,澄,下平16蒸,開三,5
ling,【陵】力膺,來,下平16蒸,開三,18
qing,【膺】於陵,影,下平16蒸,開三,4
bing,【凭】扶冰,並,下平16蒸,開三,5
ping,【冫】筆陵,幫,下平16蒸,開三,3
jing,【蠅】余陵,以,下平16蒸,開三,1
zsjing,【繩】食陵,船,下平16蒸,開三,12
sjing,【升】識蒸,書,下平16蒸,開三,5
njing,【仍】如乘,日,下平16蒸,開三,7
king,【兢】居陵,見,下平16蒸,開三,2
tring,【徵】陟陵,知,下平16蒸,開三,4
zing,【繒】疾陵,從,下平16蒸,開三,6
nging,【凝】魚陵,疑,下平16蒸,開三,1
hing,【興】虛陵,曉,下平16蒸,開三,2
chjing,【稱】處陵,昌,下平16蒸,開三,3
ging,【殑】其矜,群,下平16蒸,開三,2
sring,【㱡】山矜,生,下平16蒸,開三,1
khing,【硱】綺兢,溪,下平16蒸,開三,1
thring,【僜】丑升,徹,下平16蒸,開三,3
zring,【磳】仕兢,崇,下平16蒸,開三,1
phing,【砅】披冰,滂,下平16蒸,開三,1
tong,【登】都滕,端,下平17登,開一,8
long,【楞】魯登,來,下平17登,開一,6
song,【僧】蘇增,心,下平17登,開一,3
pong,【崩】北滕,幫,下平17登,開一,1
cong,【增】作滕,精,下平17登,開一,12
mong,【瞢】武登,明,下平17登,開一,3
zong,【層】昨棱,從,下平17登,開一,3
bong,【朋】步崩,並,下平17登,開一,6
ghuong,【弘】胡肱,匣,下平17登,合一,3
kuong,【肱】古弘,見,下平17登,合一,2
huong,【薨】呼肱,曉,下平17登,合一,5
nong,【能】奴登,泥,下平17登,開一,1
dong,【騰】徒登,定,下平17登,開一,12
ghong,【恒】胡登,匣,下平17登,開一,3
kong,【搄】古恆,見,下平17登,開一,3
thong,【鼟】他登,透,下平17登,開一,4
phong,【漰】普朋,滂,下平17登,開一,2
iu,【尤】羽求,云,下平18尤,開三,9
qiu,【憂】於求,影,下平18尤,開三,17
liu,【劉】力求,來,下平18尤,開三,44
chiu,【秋】七由,清,下平18尤,開三,17
ju,【猷】以周,以,下平18尤,開三,45
ngiu,【牛】語求,疑,下平18尤,開三,1
ciu,【遒】即由,精,下平18尤,開三,11
ziu,【酋】自秋,從,下平18尤,開三,10
siu,【脩】息流,心,下平18尤,開三,7
thriu,【抽】丑鳩,徹,下平18尤,開三,8
khiu,【恘】去秋,溪,下平18尤,開三,3
chju,【犫】赤周,昌,下平18尤,開三,2
cju,【周】職流,章,下平18尤,開三,10
zju,【讎】市流,常,下平18尤,開三,10
nju,【柔】耳由,日,下平18尤,開三,16
sju,【收】式州,書,下平18尤,開三,7
phiu,【䬌】匹尤,滂,下平18尤,合三,7
kiu,【鳩】居求,見,下平18尤,開三,10
piu,【不】甫鳩,幫,下平18尤,合三,5
sriu,【𢯱】所鳩,生,下平18尤,開三,17
chriu,【搊】楚鳩,初,下平18尤,開三,7
criu,【鄒】側鳩,莊,下平18尤,開三,14
zriu,【愁】士尤,崇,下平18尤,開三,2
hiu,【休】許尤,曉,下平18尤,開三,13
zsiu,【囚】似由,邪,下平18尤,開三,6
driu,【儔】直由,澄,下平18尤,開三,27
triu,【輈】張流,知,下平18尤,開三,11
giu,【𧚍】巨鳩,群,下平18尤,開三,44
biu,【浮】縛謀,並,下平18尤,合三,24
miu,【謀】莫浮,明,下平18尤,合三,24
ghu,【侯】戶鉤,匣,下平19侯,開一,24
qu,【謳】烏侯,影,下平19侯,開一,16
nu,【羺】奴鉤,泥,下平19侯,開一,4
lu,【樓】落侯,來,下平19侯,開一,29
su,【涑】速侯,心,下平19侯,開一,8
khu,【彄】恪侯,溪,下平19侯,開一,8
hu,【齁】呼侯,曉,下平19侯,開一,2
cu,【𣠏】子侯,精,下平19侯,開一,5
thu,【偷】託侯,透,下平19侯,開一,4
du,【頭】度侯,定,下平19侯,開一,15
ngu,【齵】五婁,疑,下平19侯,開一,1
ku,【鉤】古侯,見,下平19侯,開一,18
tu,【兜】當侯,端,下平19侯,開一,10
zu,【㔌】徂鉤,從,下平19侯,開一,2
bu,【裒】薄侯,並,下平19侯,開一,9
chu,【䜅】千侯,清,下平19侯,開一,1
mu,【呣】亡侯,明,下平19侯,開一,1
qy,【幽】於虯,影,下平20幽,開三,7
gy,【虯】渠幽,群,下平20幽,開三,7
py,【彪】甫烋,幫,下平20幽,開三,3
ly,【鏐】力幽,來,下平20幽,開三,2
ky,【樛】居虯,見,下平20幽,開三,5
by,【淲】皮彪,並,下平20幽,開三,3
cy,【稵】子幽,精,下平20幽,開三,1
sry,【犙】山幽,生,下平20幽,開三,1
ngy,【聱】語虯,疑,下平20幽,開三,1
hy,【飍】香幽,曉,下平20幽,開三,2
my,【繆】武彪,明,下平20幽,開三,3
chim,【侵】七林,清,下平21侵,開三A,7
zsim,【尋】徐林,邪,下平21侵,開三A,16
lim,【林】力尋,來,下平21侵,開三A,8
thrim,【琛】丑林,徹,下平21侵,開三B,7
cjim,【斟】職深,章,下平21侵,開三A,9
drim,【沈】直深,澄,下平21侵,開三B,9
trim,【碪】知林,知,下平21侵,開三B,5
zjim,【諶】氏任,常,下平21侵,開三A,7
njim,【任】如林,日,下平21侵,開三A,7
sjim,【深】式針,書,下平21侵,開三A,2
jim,【淫】餘針,以,下平21侵,開三A,15
sim,【心】息林,心,下平21侵,開三A,4
qjim,【愔】挹淫,影,下平21侵,開三A,2
cim,【祲】子心,精,下平21侵,開三A,9
zim,【𩷒】昨淫,從,下平21侵,開三A,10
nrim,【䛘】女心,娘,下平21侵,開三B,3
gim,【琴】巨金,群,下平21侵,開三B,22
khim,【欽】去金,溪,下平21侵,開三B,5
ngim,【吟】魚金,疑,下平21侵,開三B,10
him,【歆】許金,曉,下平21侵,開三B,4
kim,【金】居吟,見,下平21侵,開三B,9
qim,【音】於金,影,下平21侵,開三B,8
srim,【森】所今,生,下平21侵,開三B,10
zrim,【岑】鋤針,崇,下平21侵,開三B,9
crim,【兂】側吟,莊,下平21侵,開三B,4
chrim,【嵾】楚簪,初,下平21侵,開三B,6
chjim,【𧡪】充針,昌,下平21侵,開三A,1
dom,【覃】徒含,定,下平22覃,開一,20
chom,【參】倉含,清,下平22覃,開一,5
nom,【南】那含,泥,下平22覃,開一,7
qom,【諳】烏含,影,下平22覃,開一,12
ghom,【含】胡男,匣,下平22覃,開一,22
lom,【婪】盧含,來,下平22覃,開一,6
zom,【蠶】昨含,從,下平22覃,開一,4
com,【簪】作含,精,下平22覃,開一,7
thom,【探】他含,透,下平22覃,開一,3
tom,【耽】丁含,端,下平22覃,開一,9
khom,【龕】口含,溪,下平22覃,開一,10
hom,【㟏】火含,曉,下平22覃,開一,8
som,【毿】蘇含,心,下平22覃,開一,3
kom,【弇】古南,見,下平22覃,開一,5
ngom,【䜙】五含,疑,下平22覃,開一,3
dam,【談】徒甘,定,下平23談,開一,11
kam,【甘】古三,見,下平23談,開一,7
tam,【擔】都甘,端,下平23談,開一,5
sam,【三】蘇甘,心,下平23談,開一,5
lam,【藍】魯甘,來,下平23談,開一,11
kham,【坩】苦甘,溪,下平23談,開一,1
tham,【舑】他酣,透,下平23談,開一,9
zam,【慙】昨甘,從,下平23談,開一,5
gham,【酣】胡甘,匣,下平23談,開一,8
mam,【姏】武酣,明,下平23談,開一,1
cam,【𩈻】作三,精,下平23談,開一,1
ham,【蚶】呼談,曉,下平23談,開一,5
jem,【鹽】余廉,以,下平24鹽,開三A,15
liem,【廉】力鹽,來,下平24鹽,開三A,20
piem,【砭】府廉,幫,下平24鹽,開三B,2
siem,【銛】息廉,心,下平24鹽,開三A,13
chiem,【籤】七廉,清,下平24鹽,開三A,10
cjem,【詹】職廉,章,下平24鹽,開三A,6
zjem,【棎】視占,常,下平24鹽,開三A,3
sjem,【苫】失廉,書,下平24鹽,開三A,3
chjem,【䪜】處占,昌,下平24鹽,開三A,11
njem,【𩓾】汝鹽,日,下平24鹽,開三A,12
nriem,【黏】女廉,娘,下平24鹽,開三B,3
iem,【炎】于廉,云,下平24鹽,開三B,1
triem,【霑】張廉,知,下平24鹽,開三B,3
thriem,【覘】丑廉,徹,下平24鹽,開三B,2
qiem,【淹】央炎,影,下平24鹽,開三B,6
khiem,【𢜩】丘廉,溪,下平24鹽,開三B,2
ngiem,【𪙊】語廉,疑,下平24鹽,開三B,1
ciem,【尖】子廉,精,下平24鹽,開三A,13
ziem,【潛】昨鹽,從,下平24鹽,開三A,9
giem,【箝】巨淹,群,下平24鹽,開三B,12
qjem,【懕】一鹽,影,下平24鹽,開三A,7
zsiem,【燅】徐鹽,邪,下平24鹽,開三A,9
sriem,【襳】史炎,生,下平24鹽,開三B,1
driem,【㶣】直廉,澄,下平24鹽,開三B,3
gjem,【鍼】巨鹽,群,下平24鹽,開三A,1
them,【添】他兼,透,下平25添,開四,4
tem,【𩬑】丁兼,端,下平25添,開四,8
dem,【甜】徒兼,定,下平25添,開四,5
lem,【鬑】勒兼,來,下平25添,開四,6
khem,【謙】苦兼,溪,下平25添,開四,2
kem,【兼】古甜,見,下平25添,開四,7
ghem,【嫌】戶兼,匣,下平25添,開四,2
nem,【鮎】奴兼,泥,下平25添,開四,3
hem,【馦】許兼,曉,下平25添,開四,7
ghrem,【咸】胡讒,匣,下平26咸,開二,11
krem,【緘】古咸,見,下平26咸,開二,7
srem,【攕】所咸,生,下平26咸,開二,11
qrem,【𤟟】乙咸,影,下平26咸,開二,3
ngrem,【嵒】五咸,疑,下平26咸,開二,10
hrem,【㰹】許咸,曉,下平26咸,開二,5
trem,【詀】竹咸,知,下平26咸,開二,4
nrem,【諵】女咸,娘,下平26咸,開二,2
zrem,【讒】士咸,崇,下平26咸,開二,13
khrem,【鵮】苦咸,溪,下平26咸,開二,5
ghram,【銜】戶監,匣,下平27銜,開二,2
zram,【巉】鋤銜,崇,下平27銜,開二,8
ngram,【巖】五銜,疑,下平27銜,開二,3
chram,【攙】楚銜,初,下平27銜,開二,1
sram,【衫】所銜,生,下平27銜,開二,8
kram,【監】古銜,見,下平27銜,開二,4
bram,【𨂝】白銜,並,下平27銜,開二,1
khram,【嵌】口銜,溪,下平27銜,開二,1
ngiam,【嚴】語𩏩,疑,下平28嚴,開三,2
hiam,【𩏩】虛嚴,曉,下平28嚴,開三,5
qiam,【醃】於嚴,影,下平28嚴,開三,2
khiam,【㪁】丘嚴,溪,下平28嚴,開三,2
byam,【凡】符䒦,並,下平29凡,合三,7
phyam,【䒦】匹凡,滂,下平29凡,合三,2
tungx,【董】多動,端,上01董,開一,7
mungx,【蠓】莫孔,明,上01董,開一,7
khungx,【孔】康董,溪,上01董,開一,2
sungx,【㪌】先孔,心,上01董,開一,3
thungx,【侗】他孔,透,上01董,開一,4
cungx,【緫】作孔,精,上01董,開一,15
ghungx,【澒】胡孔,匣,上01董,開一,5
qungx,【蓊】烏孔,影,上01董,開一,9
nungx,【𨑊】奴動,泥,上01董,開一,1
pungx,【琫】邊孔,幫,上01董,開一,4
lungx,【曨】力董,來,上01董,開一,9
hungx,【嗊】呼孔,曉,上01董,開一,2
dungx,【動】徒摠,定,上01董,開一,9
bungx,【菶】蒲蠓,並,上01董,開一,3
cjyungx,【腫】之隴,章,上02腫,開三,6
thryungx,【寵】丑隴,徹,上02腫,開三,3
lyungx,【隴】力踵,來,上02腫,開三,3
qyungx,【擁】於隴,影,上02腫,開三,3
njyungx,【宂】而隴,日,上02腫,開三,12
dryungx,【重】直隴,澄,上02腫,開三,4
tryungx,【冢】知隴,知,上02腫,開三,2
byungx,【奉】扶隴,並,上02腫,合三,2
phyungx,【捧】敷奉,滂,上02腫,合三,1
jyungx,【勇】余隴,以,上02腫,開三,15
khyungx,【恐】丘隴,溪,上02腫,開三,3
zjyungx,【尰】時宂,常,上02腫,開三,3
kyungx,【拱】居悚,見,上02腫,開三,18
syungx,【悚】息拱,心,上02腫,開三,10
hyungx,【洶】許拱,曉,上02腫,開三,3
pyungx,【覂】方勇,幫,上02腫,合三,2
tuungx,【湩】都𪁪,端,上02腫,合一,1
muungx,【𪁪】莫湩,明,上02腫,合一,2
gyungx,【䅃】渠隴,群,上02腫,開三,1
chjyungx,【𨿿】充隴,昌,上02腫,開三,4
cyungx,【䙕】子冢,精,上02腫,開三,1
krungx,【講】古項,見,上03講,開二,4
brungx,【㭋】步項,並,上03講,開二,8
qrungx,【慃】烏項,影,上03講,開二,1
mrungx,【𠈵】武項,明,上03講,開二,2
ghrungx,【項】胡講,匣,上03講,開二,2
prungx,【𦂌】巴講,幫,上03講,開二,1
hrungx,【傋】虛慃,曉,上03講,開二,2
cjex,【紙】諸氏,章,上04紙,開三A,16
zjex,【是】承紙,常,上04紙,開三A,10
miex,【靡】文彼,明,上04紙,開三B,7
piex,【彼】甫委,幫,上04紙,開三B,5
biex,【被】皮彼,並,上04紙,開三B,2
hyex,【毀】許委,曉,上04紙,合三B,10
qyex,【委】於詭,影,上04紙,合三B,5
khyex,【跪】去委,溪,上04紙,合三B,2
kyex,【詭】過委,見,上04紙,合三B,19
syex,【髓】息委,心,上04紙,合三A,5
lyex,【絫】力委,來,上04紙,合三A,6
giex,【技】渠綺,群,上04紙,開三B,6
qiex,【倚】於綺,影,上04紙,開三B,5
kiex,【掎】居綺,見,上04紙,開三B,7
khiex,【綺】墟彼,溪,上04紙,開三B,7
ngiex,【螘】魚倚,疑,上04紙,開三B,12
yex,【蔿】韋委,云,上04紙,合三B,9
cyex,【觜】即委,精,上04紙,合三A,2
njyex,【蘂】如累,日,上04紙,合三A,4
chiex,【此】雌氏,清,上04紙,開三A,9
driex,【豸】池爾,澄,上04紙,開三B,12
siex,【徙】斯氏,心,上04紙,開三A,5
jex,【酏】移爾,以,上04紙,開三A,9
liex,【邐】力紙,來,上04紙,開三A,3
sriex,【躧】所綺,生,上04紙,開三B,10
pjex,【𢔌】并弭,幫,上04紙,開三A,10
njex,【爾】兒氏,日,上04紙,開三A,4
mjex,【渳】綿婢,明,上04紙,開三A,11
bjex,【婢】便俾,並,上04紙,開三A,2
chjex,【侈】尺氏,昌,上04紙,開三A,15
sjex,【弛】施是,書,上04紙,開三A,3
ciex,【紫】將此,精,上04紙,開三A,9
cjyex,【捶】之累,章,上04紙,合三A,5
chryex,【揣】初委,初,上04紙,合三B,2
zsyex,【𤢍】隨婢,邪,上04紙,合三A,1
zsjex,【舓】神帋,船,上04紙,開三A,4
criex,【㧗】側氏,莊,上04紙,開三B,2
phiex,【㱟】匹靡,滂,上04紙,開三B,3
phjex,【諀】匹婢,滂,上04紙,開三A,6
jyex,【䓈】羊捶,以,上04紙,合三A,6
zyex,【惢】才捶,從,上04紙,合三A,1
khjyex,【跬】丘弭,溪,上04紙,合三A,4
nriex,【狔】女氏,娘,上04紙,開三B,3
ngyex,【硊】魚毀,疑,上04紙,合三B,4
gyex,【跪】渠委,群,上04紙,合三B,1
thriex,【褫】敕豸,徹,上04紙,開三B,1
triex,【㨖】陟侈,知,上04紙,開三B,2
hiex,【𪖪】興倚,曉,上04紙,開三B,1
khjex,【企】丘弭,溪,上04紙,開三A,2
zjyex,【菙】時髓,常,上04紙,合三A,2
kjex,【枳】居帋,見,上04紙,開三A,1
cjiix,【旨】職雉,章,上05旨,開三A,8
zjiix,【視】承矢,常,上05旨,開三A,3
miix,【美】無鄙,明,上05旨,開三B,5
piix,【鄙】方美,幫,上05旨,開三B,4
zsiix,【兕】徐姊,邪,上05旨,開三A,7
kiix,【几】居履,見,上05旨,開三B,9
ciix,【𡛷】將几,精,上05旨,開三A,2
pjiix,【匕】卑履,幫,上05旨,開三A,10
kyix,【軌】居洧,見,上05旨,合三B,12
yix,【洧】榮美,云,上05旨,合三B,4
sjiix,【矢】式視,書,上05旨,開三A,4
driix,【雉】直几,澄,上05旨,開三B,3
siix,【死】息姊,心,上05旨,開三A,1
bjiix,【牝】扶履,並,上05旨,開三A,1
liix,【履】力几,來,上05旨,開三A,1
sjyix,【水】式軌,書,上05旨,合三A,1
lyix,【壘】力軌,來,上05旨,合三A,14
gjyix,【揆】求癸,群,上05旨,合三A,5
chyix,【趡】千水,清,上05旨,合三A,3
nriix,【柅】女履,娘,上05旨,開三B,1
kjyix,【癸】居誄,見,上05旨,合三A,2
biix,【否】符鄙,並,上05旨,開三B,8
zyix,【㠑】徂累,從,上05旨,合三A,1
phiix,【嚭】匹鄙,滂,上05旨,開三B,5
njyix,【蕊】如壘,日,上05旨,合三A,3
jyix,【唯】以水,以,上05旨,合三A,8
qiix,【㰻】於几,影,上05旨,開三B,1
cyix,【濢】遵誄,精,上05旨,合三A,4
triix,【黹】豬几,知,上05旨,開三B,4
thriix,【𡳭】楮几,徹,上05旨,開三B,2
hjyix,【䁤】火癸,曉,上05旨,合三A,1
gyix,【䣀】暨軌,群,上05旨,合三B,1
giix,【跽】暨几,群,上05旨,開三B,1
khyix,【巋】丘軌,溪,上05旨,合三B,2
cjix,【止】諸市,章,上06止,開三,10
zjix,【市】時止,常,上06止,開三,3
trix,【徵】陟里,知,上06止,開三,3
hix,【喜】虛里,曉,上06止,開三,3
kix,【紀】居理,見,上06止,開三,4
jix,【以】羊己,以,上06止,開三,7
zsix,【似】詳里,邪,上06止,開三,15
srix,【史】疎士,生,上06止,開三,4
njix,【耳】而止,日,上06止,開三,5
lix,【里】良士,來,上06止,開三,10
six,【枲】胥里,心,上06止,開三,7
sjix,【始】詩止,書,上06止,開三,1
drix,【歭】直里,澄,上06止,開三,9
khix,【起】墟里,溪,上06止,開三,6
zrix,【士】鉏里,崇,上06止,開三,5
zsrix,【俟】牀史,俟,上06止,開三,7
cix,【子】即里,精,上06止,開三,8
ix,【矣】于紀,云,上06止,開三,2
ngix,【擬】魚紀,疑,上06止,開三,6
chjix,【齒】昌里,昌,上06止,開三,2
thrix,【恥】敕里,徹,上06止,開三,3
chrix,【㓼】初紀,初,上06止,開三,3
crix,【滓】阻史,莊,上06止,開三,5
qix,【譩】於擬,影,上06止,開三,2
nrix,【伱】乃里,娘,上06止,開三,2
myoix,【尾】無匪,明,上07尾,合三,8
qioix,【扆】於豈,影,上07尾,開三,6
khioix,【豈】袪豨,溪,上07尾,開三,2
kioix,【蟣】居豨,見,上07尾,開三,4
phyoix,【斐】敷尾,滂,上07尾,合三,7
pyoix,【匪】府尾,幫,上07尾,合三,8
yoix,【韙】于鬼,云,上07尾,合三,13
kyoix,【鬼】居偉,見,上07尾,合三,1
hyoix,【虺】許偉,曉,上07尾,合三,5
ngioix,【顗】魚豈,疑,上07尾,開三,2
hioix,【豨】虛豈,曉,上07尾,開三,5
qyoix,【磈】於鬼,影,上07尾,合三,2
byoix,【膹】浮鬼,並,上07尾,合三,6
ngiox,【語】魚巨,疑,上08語,開三,12
liox,【吕】力舉,來,上08語,開三,13
driox,【佇】直呂,澄,上08語,開三,9
jox,【與】余呂,以,上08語,開三,7
cjox,【䰞】章与,章,上08語,開三,4
njox,【汝】人渚,日,上08語,開三,6
sjox,【暑】舒呂,書,上08語,開三,5
chjox,【杵】昌與,昌,上08語,開三,2
triox,【貯】丁呂,知,上08語,開三,9
siox,【諝】私呂,心,上08語,開三,9
thriox,【楮】丑呂,徹,上08語,開三,3
nriox,【女】尼呂,娘,上08語,開三,2
hiox,【許】虛呂,曉,上08語,開三,2
giox,【巨】其呂,群,上08語,開三,18
sriox,【所】疎舉,生,上08語,開三,7
chriox,【楚】創舉,初,上08語,開三,8
criox,【阻】側呂,莊,上08語,開三,2
zriox,【齟】牀呂,崇,上08語,開三,2
ziox,【咀】慈呂,從,上08語,開三,6
qiox,【𢮁】於許,影,上08語,開三,2
kiox,【舉】居許,見,上08語,開三,10
zsiox,【敘】徐呂,邪,上08語,開三,11
khiox,【去】羌舉,溪,上08語,開三,5
zsjox,【紓】神與,船,上08語,開三,3
zjox,【野】承與,常,上08語,開三,2
chiox,【𥅗】七與,清,上08語,開三,1
ciox,【苴】子與,精,上08語,開三,3
ngyox,【麌】虞矩,疑,上09麌,合三,3
yox,【羽】王矩,云,上09麌,合三,15
zyox,【聚】慈庾,從,上09麌,合三,2
pyox,【甫】方矩,幫,上09麌,合三,19
myox,【武】文甫,明,上09麌,合三,24
byox,【父】扶雨,並,上09麌,合三,15
phyox,【撫】芳武,滂,上09麌,合三,13
dryox,【柱】直主,澄,上09麌,合三,3
hyox,【詡】況羽,曉,上09麌,合三,12
zjyox,【豎】臣庾,常,上09麌,合三,4
jyox,【庾】以主,以,上09麌,合三,12
cjyox,【主】之庾,章,上09麌,合三,5
qyox,【傴】於武,影,上09麌,合三,3
khyox,【齲】驅雨,溪,上09麌,合三,3
tryox,【拄】知庾,知,上09麌,合三,4
njyox,【乳】而主,日,上09麌,合三,3
gyox,【窶】其矩,群,上09麌,合三,2
sryox,【數】所矩,生,上09麌,合三,2
kyox,【矩】俱雨,見,上09麌,合三,11
chyox,【取】七庾,清,上09麌,合三,1
lyox,【縷】力主,來,上09麌,合三,13
syox,【𦄼】相庾,心,上09麌,合三,2
zryox,【䝒】鶵禹,崇,上09麌,合三,2
mox,【姥】莫補,明,上10姥,開一,6
thox,【土】他魯,透,上10姥,開一,4
dox,【杜】徒古,定,上10姥,開一,9
lox,【魯】郎古,來,上10姥,開一,17
chox,【蔖】采古,清,上10姥,開一,2
tox,【覩】當古,端,上10姥,開一,11
kox,【古】公戶,見,上10姥,開一,21
ngox,【五】疑古,疑,上10姥,開一,5
box,【簿】裴古,並,上10姥,開一,2
zox,【粗】徂古,從,上10姥,開一,5
cox,【祖】則古,精,上10姥,開一,6
hox,【虎】呼古,曉,上10姥,開一,7
qox,【隖】安古,影,上10姥,開一,10
khox,【苦】康杜,溪,上10姥,開一,2
nox,【怒】奴古,泥,上10姥,開一,5
ghox,【戶】侯古,匣,上10姥,開一,23
phox,【普】滂古,滂,上10姥,開一,5
pox,【補】博古,幫,上10姥,開一,3
zex,【薺】徂禮,從,上11薺,開四,5
lex,【禮】盧啓,來,上11薺,開四,16
thex,【體】他禮,透,上11薺,開四,8
phex,【䫌】匹米,滂,上11薺,開四,1
cex,【濟】子禮,精,上11薺,開四,5
tex,【邸】都禮,端,上11薺,開四,13
dex,【弟】徒禮,定,上11薺,開四,7
nex,【禰】奴禮,泥,上11薺,開四,13
sex,【洗】先禮,心,上11薺,開四,2
chex,【泚】千禮,清,上11薺,開四,4
khex,【啓】康禮,溪,上11薺,開四,12
ghex,【徯】胡禮,匣,上11薺,開四,8
mex,【米】莫禮,明,上11薺,開四,7
bex,【陛】傍禮,並,上11薺,開四,8
qex,【𠯋】烏弟,影,上11薺,開四,2
ngex,【堄】研啓,疑,上11薺,開四,6
pex,【㪏】補米,幫,上11薺,開四,2
ghrex,【蟹】胡買,匣,上12蟹,開二,7
mrex,【買】莫蟹,明,上12蟹,開二,5
khrex,【䒓】苦蟹,溪,上12蟹,開二,3
drex,【廌】宅買,澄,上12蟹,開二,3
nrex,【嬭】奴蟹,娘,上12蟹,開二,2
brex,【罷】薄蟹,並,上12蟹,開二,6
qrex,【矮】烏蟹,影,上12蟹,開二,3
prex,【擺】北買,幫,上12蟹,開二,2
krex,【解】佳買,見,上12蟹,開二,3
srex,【灑】所蟹,生,上12蟹,開二,3
kruex,【𠁥】乖買,見,上12蟹,合二,3
druex,【㧳】丈夥,澄,上12蟹,合二,1
ghruex,【夥】懷𠁥,匣,上12蟹,合二,1
hruex,【扮】花夥,曉,上12蟹,合二,1
grex,【箉】求蟹,群,上12蟹,開二,2
ghraix,【駭】侯楷,匣,上13駭,開二,4
khraix,【楷】苦駭,溪,上13駭,開二,4
ngraix,【騃】五駭,疑,上13駭,開二,4
qraix,【挨】於駭,影,上13駭,開二,2
huaix,【賄】呼罪,曉,上14賄,合一,7
quaix,【猥】烏賄,影,上14賄,合一,10
luaix,【磥】落猥,來,上14賄,合一,16
duaix,【錞】徒猥,定,上14賄,合一,5
zuaix,【辠】徂賄,從,上14賄,合一,3
muaix,【浼】武罪,明,上14賄,合一,6
thuaix,【骽】吐猥,透,上14賄,合一,8
ghuaix,【瘣】胡罪,匣,上14賄,合一,9
khuaix,【䫥】口猥,溪,上14賄,合一,5
tuaix,【𦞙】都罪,端,上14賄,合一,5
nuaix,【餧】奴罪,泥,上14賄,合一,9
nguaix,【頠】五罪,疑,上14賄,合一,7
chuaix,【皠】七罪,清,上14賄,合一,7
buaix,【琲】蒲罪,並,上14賄,合一,3
cuaix,【嶊】子罪,精,上14賄,合一,3
haix,【海】呼改,曉,上15海,開一,3
khaix,【愷】苦亥,溪,上15海,開一,9
caix,【宰】作亥,精,上15海,開一,4
daix,【駘】徒亥,定,上15海,開一,11
naix,【乃】奴亥,泥,上15海,開一,3
kaix,【改】古亥,見,上15海,開一,3
ghaix,【亥】胡改,匣,上15海,開一,4
phuaix,【啡】匹愷,滂,上15海,合一,1
chaix,【采】倉宰,清,上15海,開一,7
chjaix,【茝】昌紿,昌,上15海,開三,1
taix,【等】多改,端,上15海,開一,3
zaix,【在】昨宰,從,上15海,開一,3
qaix,【欸】於改,影,上15海,開一,4
jaix,【佁】夷在,以,上15海,開三,1
thaix,【㘆】他亥,透,上15海,開一,1
njaix,【疓】如亥,日,上15海,開三,1
laix,【𨦂】來改,來,上15海,開一,7
cjinx,【軫】章忍,章,上16軫,開三A,23
thrinx,【辴】丑忍,徹,上16軫,開三B,1
zjinx,【腎】時忍,常,上16軫,開三A,6
njinx,【忍】而軫,日,上16軫,開三A,3
sjinx,【矤】式忍,書,上16軫,開三A,6
linx,【嶙】良忍,來,上16軫,開三A,5
drinx,【紖】直引,澄,上16軫,開三B,4
kjinx,【緊】居忍,見,上16軫,開三A,4
zinx,【盡】慈忍,從,上16軫,開三A,2
cinx,【㯸】即忍,精,上16軫,開三A,2
bjinx,【牝】毗忍,並,上16軫,開三A,4
nginx,【釿】宜引,疑,上16軫,開三B,5
chinx,【笉】七忍,清,上16軫,開三A,1
gynx,【窘】渠殞,群,上16軫,合三B,10
jinx,【引】余忍,以,上16軫,開三A,14
minx,【愍】眉殞,明,上16軫,開三B,14
mjinx,【泯】武盡,明,上16軫,開三A,10
ynx,【殞】于敏,云,上16軫,合三B,7
cjynx,【準】之尹,章,上17準,合三A,4
jynx,【尹】余準,以,上17準,合三A,8
synx,【筍】思尹,心,上17準,合三A,9
njynx,【蝡】而允,日,上17準,合三A,1
chjynx,【蠢】尺尹,昌,上17準,合三A,9
zsjynx,【盾】食尹,船,上17準,合三A,4
thrynx,【偆】癡準,徹,上17準,合三B,1
lynx,【耣】力準,來,上17準,合三A,3
khynx,【𦃢】丘尹,溪,上17準,合三B,1
khjinx,【螼】弃忍,溪,上17準,開三A,3
sjynx,【賰】式允,書,上17準,合三A,1
hinx,【脪】興腎,曉,上17準,開三B,2
zrinx,【濜】鉏紖,崇,上17準,開三B,1
trinx,【屒】珍忍,知,上17準,開三B,1
myonx,【吻】武粉,明,上18吻,合三,7
pyonx,【粉】方吻,幫,上18吻,合三,3
byonx,【憤】房吻,並,上18吻,合三,14
phyonx,【忿】敷粉,滂,上18吻,合三,2
qyonx,【惲】於粉,影,上18吻,合三,10
ngyonx,【齳】魚吻,疑,上18吻,合三,5
yonx,【抎】云粉,云,上18吻,合三,4
khyonx,【𧼐】丘粉,溪,上18吻,合三,2
qionx,【隱】於謹,影,上19隱,開三,11
kionx,【謹】居隱,見,上19隱,開三,11
crionx,【𧤛】仄謹,莊,上19隱,開三,2
khionx,【赾】丘謹,溪,上19隱,開三,1
gionx,【近】其謹,群,上19隱,開三,2
chrionx,【齔】初謹,初,上19隱,開三,1
ngionx,【听】牛謹,疑,上19隱,開三,1
hionx,【䘆】休謹,曉,上19隱,開三,1
ngyanx,【阮】虞遠,疑,上20阮,合三,3
yanx,【遠】雲阮,云,上20阮,合三,2
qianx,【偃】於幰,影,上20阮,開三,12
kianx,【湕】居偃,見,上20阮,開三,5
gianx,【寋】其偃,群,上20阮,開三,4
khianx,【𧥛】去偃,溪,上20阮,開三,1
ngianx,【𧥜】語偃,疑,上20阮,開三,4
hianx,【幰】虛偃,曉,上20阮,開三,4
myanx,【晚】無遠,明,上20阮,合三,7
pyanx,【反】府遠,幫,上20阮,合三,6
gyanx,【𧯦】求晚,群,上20阮,合三,4
qyanx,【婉】於阮,影,上20阮,合三,20
khyanx,【䅚】去阮,溪,上20阮,合三,6
hyanx,【暅】況晚,曉,上20阮,合三,7
byanx,【飯】扶晚,並,上20阮,合三,4
ghuonx,【混】胡本,匣,上21混,合一,16
phuonx,【翉】普本,滂,上21混,合一,1
chuonx,【忖】倉本,清,上21混,合一,3
puonx,【本】布忖,幫,上21混,合一,6
suonx,【損】蘇本,心,上21混,合一,4
cuonx,【𠟃】兹損,精,上21混,合一,6
quonx,【穩】烏本,影,上21混,合一,3
duonx,【囤】徒損,定,上21混,合一,9
zuonx,【鱒】才本,從,上21混,合一,1
kuonx,【𩩌】古本,見,上21混,合一,12
thuonx,【畽】他袞,透,上21混,合一,4
khuonx,【閫】苦本,溪,上21混,合一,10
luonx,【㤻】盧本,來,上21混,合一,4
buonx,【獖】蒲本,並,上21混,合一,4
muonx,【懣】模本,明,上21混,合一,1
nuonx,【㶧】乃本,泥,上21混,合一,1
huonx,【𦃕】虛本,曉,上21混,合一,2
ghonx,【很】胡墾,匣,上22很,開一,2
khonx,【墾】康很,溪,上22很,開一,4
konx,【䫀】古很,見,上22很,開一,2
ghanx,【旱】胡笴,匣,上23旱,開一,5
tanx,【亶】多旱,端,上23旱,開一,8
thanx,【坦】他但,透,上23旱,開一,2
sanx,【散】蘇旱,心,上23旱,開一,11
danx,【但】徒旱,定,上23旱,開一,11
zanx,【瓉】藏旱,從,上23旱,開一,3
kanx,【笴】古旱,見,上23旱,開一,12
lanx,【嬾】落旱,來,上23旱,開一,5
khanx,【侃】空旱,溪,上23旱,開一,2
hanx,【䍐】呼旱,曉,上23旱,開一,7
canx,【𩯳】作旱,精,上23旱,開一,1
ghuanx,【緩】胡管,匣,上24緩,合一,14
tuanx,【短】都管,端,上24緩,合一,4
quanx,【椀】烏管,影,上24緩,合一,3
thuanx,【疃】吐緩,透,上24緩,合一,4
suanx,【算】蘇管,心,上24緩,合一,3
kuanx,【管】古滿,見,上24緩,合一,12
luanx,【卵】盧管,來,上24緩,合一,1
khuanx,【款】苦管,溪,上24緩,合一,8
nuanx,【煗】乃管,泥,上24緩,合一,7
cuanx,【纂】作管,精,上24緩,合一,8
buanx,【伴】蒲旱,並,上24緩,開一,3
muanx,【滿】莫旱,明,上24緩,開一,5
puanx,【粄】博管,幫,上24緩,開一,5
zsuanx,【鄹】辝纂,邪,上24緩,合一,1
duanx,【斷】徒管,定,上24緩,合一,3
nanx,【攤】奴但,泥,上24緩,開一,1
phuanx,【坢】普伴,滂,上24緩,開一,2
sranx,【潸】數板,生,上25潸,開二,1
qruanx,【綰】烏板,影,上25潸,合二,1
pranx,【版】布綰,幫,上25潸,開二,6
cranx,【䩆】側板,莊,上25潸,開二,3
nranx,【赧】奴板,娘,上25潸,開二,4
ghranx,【僩】下赧,匣,上25潸,開二,5
ghruanx,【睆】戶板,匣,上25潸,合二,7
branx,【阪】扶板,並,上25潸,開二,3
mranx,【矕】武板,明,上25潸,開二,2
zranx,【𪘪】士板,崇,上25潸,開二,2
ngranx,【𪗙】五板,疑,上25潸,開二,1
chranx,【㹽】初板,初,上25潸,開二,1
phranx,【眅】普板,滂,上25潸,開二,1
zruanx,【撰】雛鯇,崇,上25潸,合二,2
srenx,【產】所簡,生,上26產,開二,10
ghrenx,【限】胡簡,匣,上26產,開二,5
mrenx,【𥇅】武簡,明,上26產,開二,1
krenx,【𥳑】古限,見,上26產,開二,7
chrenx,【剗】初限,初,上26產,開二,6
zrenx,【棧】士限,崇,上26產,開二,8
ngrenx,【眼】五限,疑,上26產,開二,1
crenx,【醆】阻限,莊,上26產,開二,4
chruenx,【㦃】初綰,初,上26產,合二,2
khrenx,【齦】起限,溪,上26產,開二,1
senx,【銑】蘇典,心,上27銑,開四,11
thenx,【腆】他典,透,上27銑,開四,15
tenx,【典】多殄,端,上27銑,開四,5
qenx,【蝘】於殄,影,上27銑,開四,5
denx,【殄】徒典,定,上27銑,開四,3
kenx,【繭】古典,見,上27銑,開四,13
ghenx,【峴】胡典,匣,上27銑,開四,13
henx,【顯】呼典,曉,上27銑,開四,5
menx,【㨠】彌殄,明,上27銑,開四,4
nenx,【撚】乃殄,泥,上27銑,開四,4
penx,【編】方典,幫,上27銑,開四,11
ghuenx,【泫】胡畎,匣,上27銑,合四,14
kuenx,【𡿨】姑泫,見,上27銑,合四,8
benx,【辮】薄泫,並,上27銑,開四,7
khuenx,【犬】苦泫,溪,上27銑,合四,1
khenx,【𥧬】牽繭,溪,上27銑,開四,4
ngenx,【齞】研峴,疑,上27銑,開四,1
sienx,【獮】息淺,心,上28獮,開三A,13
jenx,【演】以淺,以,上28獮,開三A,8
zienx,【踐】慈演,從,上28獮,開三A,7
trienx,【展】知演,知,上28獮,開三B,10
cjenx,【𦗢】旨善,章,上28獮,開三A,17
nrienx,【趁】尼展,娘,上28獮,開三B,3
chienx,【淺】七演,清,上28獮,開三A,1
chjenx,【闡】昌善,昌,上28獮,開三A,9
khjenx,【遣】去演,溪,上28獮,開三A,8
kienx,【蹇】九輦,見,上28獮,開三B,11
zjenx,【善】常演,常,上28獮,開三A,11
cienx,【翦】即淺,精,上28獮,開三A,14
njenx,【蹨】人善,日,上28獮,開三A,5
zsienx,【𦆀】徐翦,邪,上28獮,開三A,1
lienx,【輦】力展,來,上28獮,開三A,9
ngienx,【齴】魚蹇,疑,上28獮,開三B,7
gienx,【件】其輦,群,上28獮,開三B,4
bienx,【辯】符蹇,並,上28獮,開三B,5
mjenx,【緬】彌兗,明,上28獮,開三A,10
pjenx,【褊】方緬,幫,上28獮,開三A,2
cyenx,【臇】子兗,精,上28獮,合三A,3
zyenx,【雋】徂兗,從,上28獮,合三A,5
pienx,【辡】方免,幫,上28獮,開三B,4
jyenx,【兖】以轉,以,上28獮,合三A,10
lyenx,【臠】力兗,來,上28獮,合三A,4
tryenx,【轉】陟兗,知,上28獮,合三B,2
kyenx,【卷】居轉,見,上28獮,合三B,6
gyenx,【圈】渠篆,群,上28獮,合三B,3
njyenx,【輭】而兗,日,上28獮,合三A,17
chjyenx,【舛】昌兗,昌,上28獮,合三A,4
zjyenx,【膞】市兗,常,上28獮,合三A,7
dryenx,【篆】持兗,澄,上28獮,合三B,7
cjyenx,【剸】旨兗,章,上28獮,合三A,9
syenx,【選】思兗,心,上28獮,合三A,3
zryenx,【撰】士免,崇,上28獮,合三B,5
gjyenx,【蜎】狂兗,群,上28獮,合三A,1
hjyenx,【蠉】香兗,曉,上28獮,合三A,2
bjenx,【楩】符善,並,上28獮,開三A,4
mienx,【免】亡辨,明,上28獮,開三B,8
thrienx,【搌】丑善,徹,上28獮,開三B,7
phienx,【鴘】披免,滂,上28獮,開三B,1
sjenx,【㒄】式善,書,上28獮,開三A,3
qienx,【㫃】於蹇,影,上28獮,開三B,3
drienx,【邅】除善,澄,上28獮,開三B,1
zrienx,【棧】士免,崇,上28獮,開三B,1
seux,【篠】先鳥,心,上29篠,開四,7
keux,【皎】古了,見,上29篠,開四,12
teux,【鳥】都了,端,上29篠,開四,9
leux,【了】盧鳥,來,上29篠,開四,14
theux,【朓】土了,透,上29篠,開四,3
heux,【䥵】馨皛,曉,上29篠,開四,4
qeux,【杳】烏晈,影,上29篠,開四,15
neux,【嬲】奴鳥,泥,上29篠,開四,9
gheux,【皛】胡了,匣,上29篠,開四,5
deux,【窕】徒了,定,上29篠,開四,8
kheux,【磽】苦皎,溪,上29篠,開四,2
ceux,【湫】子了,精,上29篠,開四,5
sieux,【小】私兆,心,上30小,開三A,3
drieux,【肈】治小,澄,上30小,開三B,11
cjeux,【沼】之少,章,上30小,開三A,3
qieux,【夭】於兆,影,上30小,開三B,4
thrieux,【巐】丑小,徹,上30小,開三B,1
sjeux,【少】書沼,書,上30小,開三A,3
njeux,【擾】而沼,日,上30小,開三A,7
bjeux,【摽】符少,並,上30小,開三A,8
chjeux,【𪍑】尺沼,昌,上30小,開三A,5
phjeux,【縹】敷沼,滂,上30小,開三A,8
mjeux,【眇】亡沼,明,上30小,開三A,10
zjeux,【紹】市沼,常,上30小,開三A,5
kieux,【矯】居夭,見,上30小,開三B,12
pieux,【表】陂矯,幫,上30小,開三B,4
pjeux,【褾】方小,幫,上30小,開三A,4
bieux,【藨】平表,並,上30小,開三B,8
jeux,【鷕】以沼,以,上30小,開三A,7
chieux,【悄】親小,清,上30小,開三A,3
cieux,【𠟿】子小,精,上30小,開三A,8
gieux,【𨲭】巨夭,群,上30小,開三B,1
lieux,【繚】力小,來,上30小,開三A,9
phieux,【麃】滂表,滂,上30小,開三B,1
qjeux,【闄】於小,影,上30小,開三A,1
khraux,【巧】苦絞,溪,上31巧,開二,2
ghraux,【澩】下巧,匣,上31巧,開二,6
praux,【飽】博巧,幫,上31巧,開二,3
nraux,【㺒】奴巧,娘,上31巧,開二,3
mraux,【卯】莫飽,明,上31巧,開二,7
kraux,【絞】古巧,見,上31巧,開二,15
craux,【爪】側絞,莊,上31巧,開二,8
qraux,【拗】於絞,影,上31巧,開二,5
braux,【鮑】薄巧,並,上31巧,開二,4
ngraux,【齩】五巧,疑,上31巧,開二,1
zraux,【䰫】士絞,崇,上31巧,開二,2
chraux,【煼】初爪,初,上31巧,開二,7
traux,【䝤】張絞,知,上31巧,開二,2
sraux,【𢾐】山巧,生,上31巧,開二,1
ghaux,【晧】胡老,匣,上32晧,開一,16
baux,【抱】薄浩,並,上32晧,開一,1
laux,【老】盧晧,來,上32晧,開一,14
thaux,【討】他浩,透,上32晧,開一,3
daux,【道】徒晧,定,上32晧,開一,7
naux,【堖】奴晧,泥,上32晧,開一,9
saux,【㛮】蘇老,心,上32晧,開一,7
taux,【倒】都晧,端,上32晧,開一,11
chaux,【草】采老,清,上32晧,開一,7
caux,【早】子晧,精,上32晧,開一,12
zaux,【皁】昨早,從,上32晧,開一,4
kaux,【暠】古老,見,上32晧,開一,11
haux,【好】呼晧,曉,上32晧,開一,2
maux,【蓩】武道,明,上32晧,開一,4
paux,【寶】博抱,幫,上32晧,開一,15
qaux,【襖】烏晧,影,上32晧,開一,14
khaux,【考】苦浩,溪,上32晧,開一,10
ngaux,【𦽀】五老,疑,上32晧,開一,2
kax,【哿】古我,見,上33哿,開一,4
chax,【瑳】千可,清,上33哿,開一,3
tax,【嚲】丁可,端,上33哿,開一,5
sax,【縒】蘇可,心,上33哿,開一,3
dax,【爹】徒可,定,上33哿,開一,9
ngax,【我】五可,疑,上33哿,開一,5
thax,【袉】吐可,透,上33哿,開一,1
lax,【㰁】來可,來,上33哿,開一,9
nax,【橠】奴可,泥,上33哿,開一,6
ghax,【荷】胡可,匣,上33哿,開一,2
hax,【㰤】虛我,曉,上33哿,開一,5
khax,【可】枯我,溪,上33哿,開一,4
qax,【𨵌】烏可,影,上33哿,開一,7
cax,【左】臧可,精,上33哿,開一,3
kuax,【果】古火,見,上34果,合一,11
tuax,【埵】丁果,端,上34果,合一,15
suax,【鎖】蘇果,心,上34果,合一,12
duax,【墮】徒果,定,上34果,合一,14
thuax,【妥】他果,透,上34果,合一,9
muax,【麼】亡果,明,上34果,開一,3
zuax,【坐】徂果,從,上34果,合一,2
nguax,【㛂】五果,疑,上34果,合一,2
luax,【裸】郎果,來,上34果,合一,9
quax,【婐】烏果,影,上34果,合一,3
nuax,【㛂】奴果,泥,上34果,合一,2
puax,【跛】布火,幫,上34果,開一,4
phuax,【叵】普火,滂,上34果,開一,4
ghuax,【禍】胡果,匣,上34果,合一,7
huax,【火】呼果,曉,上34果,合一,2
khuax,【顆】苦果,溪,上34果,合一,3
buax,【爸】捕可,並,上34果,開一,1
chuax,【脞】倉果,清,上34果,合一,3
mrax,【馬】莫下,明,上35馬,開二,7
cjax,【者】章也,章,上35馬,開三,3
jax,【野】羊者,以,上35馬,開三,5
ngrax,【雅】五下,疑,上35馬,開二,5
krax,【檟】古疋,見,上35馬,開二,10
srax,【灑】砂下,生,上35馬,開二,1
qrax,【啞】烏下,影,上35馬,開二,3
zsiax,【灺】徐野,邪,上35馬,開三,3
ghrax,【下】胡雅,匣,上35馬,開二,4
siax,【寫】悉姐,心,上35馬,開三,4
cruax,【𡎬】𩛠瓦,莊,上35馬,合二,1
miax,【乜】彌也,明,上35馬,開三,1
chiax,【且】七也,清,上35馬,開三,1
hrax,【㗿】許下,曉,上35馬,開二,3
zjax,【社】常者,常,上35馬,開三,3
khrax,【跒】苦下,溪,上35馬,開二,1
brax,【跁】傍下,並,上35馬,開二,3
sjax,【捨】書冶,書,上35馬,開三,5
ciax,【姐】兹野,精,上35馬,開三,3
prax,【把】博下,幫,上35馬,開二,1
ghruax,【踝】胡瓦,匣,上35馬,合二,11
kruax,【寡】古瓦,見,上35馬,合二,8
ngruax,【瓦】五寡,疑,上35馬,合二,2
njax,【若】人者,日,上35馬,開三,3
crax,【鮓】側下,莊,上35馬,開二,5
trax,【觰】都賈,知,上35馬,開二,1
zrax,【槎】士下,崇,上35馬,開二,2
chjax,【奲】昌者,昌,上35馬,開三,6
nrax,【䋈】奴下,娘,上35馬,開二,1
khruax,【髁】苦瓦,溪,上35馬,合二,7
chruax,【䂳】叉瓦,初,上35馬,合二,1
thruax,【䊬】丑寡,徹,上35馬,合二,1
sruax,【葰】沙瓦,生,上35馬,合二,3
thrax,【奼】丑下,徹,上35馬,開二,1
lrax,【藞】盧下,來,上35馬,開二,1
jangx,【養】餘兩,以,上36養,開三,7
zsiangx,【像】徐兩,邪,上36養,開三,11
ciangx,【㢡】即兩,精,上36養,開三,6
liangx,【㒳】良㢡,來,上36養,開三,8
qiangx,【鞅】於兩,影,上36養,開三,11
giangx,【勥】其兩,群,上36養,開三,5
ngiangx,【仰】魚兩,疑,上36養,開三,3
chriangx,【磢】初兩,初,上36養,開三,6
siangx,【想】息兩,心,上36養,開三,2
cjangx,【掌】諸兩,章,上36養,開三,3
sriangx,【𤕤】疎兩,生,上36養,開三,9
hiangx,【響】許兩,曉,上36養,開三,8
chjangx,【敞】昌兩,昌,上36養,開三,7
kiangx,【繈】居兩,見,上36養,開三,5
driangx,【丈】直兩,澄,上36養,開三,4
thriangx,【昶】丑兩,徹,上36養,開三,2
kyangx,【獷】居往,見,上36養,合三,1
njangx,【壤】如兩,日,上36養,開三,8
sjangx,【賞】書兩,書,上36養,開三,5
phyangx,【髣】妃兩,滂,上36養,合三,6
myangx,【网】文兩,明,上36養,合三,12
pyangx,【昉】分网,幫,上36養,合三,4
qyangx,【枉】紆往,影,上36養,合三,4
yangx,【往】于兩,云,上36養,合三,2
hyangx,【怳】許昉,曉,上36養,合三,2
chiangx,【搶】七兩,清,上36養,開三,2
triangx,【長】知丈,知,上36養,開三,1
zjangx,【上】時掌,常,上36養,開三,2
gyangx,【俇】求往,群,上36養,合三,5
byangx,【𩦠】毗養,並,上36養,合三,3
dangx,【蕩】徒朗,定,上37蕩,開一,12
sangx,【顙】蘇朗,心,上37蕩,開一,4
kuangx,【廣】古晃,見,上37蕩,合一,2
pangx,【榜】北朗,幫,上37蕩,開一,6
cangx,【駔】子朗,精,上37蕩,開一,3
nangx,【曩】奴朗,泥,上37蕩,開一,2
ghangx,【沆】胡朗,匣,上37蕩,開一,6
thangx,【曭】他朗,透,上37蕩,開一,12
mangx,【莽】模朗,明,上37蕩,開一,10
tangx,【黨】多朗,端,上37蕩,開一,5
langx,【朗】盧黨,來,上37蕩,開一,7
qangx,【坱】烏朗,影,上37蕩,開一,10
khangx,【慷】苦朗,溪,上37蕩,開一,7
quangx,【㳹】烏晃,影,上37蕩,合一,2
ghuangx,【晃】胡廣,匣,上37蕩,合一,7
phangx,【髈】匹朗,滂,上37蕩,開一,2
huangx,【慌】呼晃,曉,上37蕩,合一,7
kangx,【䴚】各朗,見,上37蕩,開一,4
ngangx,【䭹】五朗,疑,上37蕩,開一,1
zangx,【奘】徂朗,從,上37蕩,開一,1
changx,【蒼】麁朗,清,上37蕩,開一,1
hangx,【汻】呼朗,曉,上37蕩,開一,3
khuangx,【㢜】丘晃,溪,上37蕩,合一,3
krangx,【梗】古杏,見,上38梗,開二,9
piengx,【丙】兵永,幫,上38梗,開三,9
kiengx,【警】居影,見,上38梗,開三,8
qiengx,【影】於丙,影,上38梗,開三,8
sriengx,【省】所景,生,上38梗,開三,9
yengx,【永】于憬,云,上38梗,合三,2
hyengx,【𦬺】許永,曉,上38梗,合三,1
miengx,【皿】武永,明,上38梗,開三,3
kyengx,【憬】俱永,見,上38梗,合三,6
ghrangx,【杏】何梗,匣,上38梗,開二,3
mrangx,【猛】莫杏,明,上38梗,開二,6
kruangx,【礦】古猛,見,上38梗,合二,7
prangx,【浜】布梗,幫,上38梗,開二,3
trangx,【盯】張梗,知,上38梗,開二,1
drangx,【瑒】徒杏,澄,上38梗,開二,1
qruangx,【䁝】烏猛,影,上38梗,合二,4
lrangx,【冷】魯打,來,上38梗,開二,1
ghruangx,【卝】乎䁝,匣,上38梗,合二,2
brangx,【鮩】蒲猛,並,上38梗,開二,1
khruangx,【𥉁】苦礦,溪,上38梗,合二,1
nrangx,【檸】拏梗,娘,上38梗,開二,1
krengx,【耿】古幸,見,上39耿,開二,3
mrengx,【䁅】武幸,明,上39耿,開二,3
ghrengx,【幸】胡耿,匣,上39耿,開二,4
brengx,【𠊧】蒲幸,並,上39耿,開二,4
phrengx,【皏】普幸,滂,上39耿,開二,1
ziengx,【靜】疾郢,從,上40靜,開三A,10
cjengx,【整】之郢,章,上40靜,開三A,1
thriengx,【逞】丑郢,徹,上40靜,開三B,6
jengx,【郢】以整,以,上40靜,開三A,3
gjengx,【痙】巨郢,群,上40靜,開三A,2
jyengx,【潁】餘頃,以,上40靜,合三A,2
liengx,【領】良郢,來,上40靜,開三A,6
kjengx,【頸】居郢,見,上40靜,開三A,1
pjengx,【餅】必郢,幫,上40靜,開三A,5
khjyengx,【頃】去潁,溪,上40靜,合三A,6
ciengx,【丼】子郢,精,上40靜,開三A,2
qjengx,【廮】於郢,影,上40靜,開三A,5
chiengx,【請】七靜,清,上40靜,開三A,2
siengx,【省】息井,心,上40靜,開三A,6
mjengx,【眳】亡井,明,上40靜,開三A,2
driengx,【徎】丈井,澄,上40靜,開三B,2
ghuengx,【迥】戶頂,匣,上41迥,合四,5
kuengx,【熲】古迥,見,上41迥,合四,8
mengx,【茗】莫迥,明,上41迥,開四,7
tengx,【頂】都挺,端,上41迥,開四,13
dengx,【挺】徒鼎,定,上41迥,開四,12
thengx,【珽】他鼎,透,上41迥,開四,12
zengx,【汫】徂醒,從,上41迥,開四,1
quengx,【濙】烏迥,影,上41迥,合四,1
khengx,【謦】去挺,溪,上41迥,開四,1
nengx,【𩕳】乃挺,泥,上41迥,開四,5
ghengx,【婞】胡頂,匣,上41迥,開四,7
sengx,【醒】蘇挺,心,上41迥,開四,2
pengx,【鞞】補鼎,幫,上41迥,開四,1
khuengx,【褧】口迥,溪,上41迥,合四,6
kengx,【剄】古挺,見,上41迥,開四,2
phengx,【頩】匹迥,滂,上41迥,開四,1
qengx,【巊】烟涬,影,上41迥,開四,3
lengx,【笭】力鼎,來,上41迥,開四,3
bengx,【竝】蒲迥,並,上41迥,開四,4
huengx,【詗】火迥,曉,上41迥,合四,1
ngengx,【䀴】五剄,疑,上41迥,開四,2
cjingx,【拯】,章,上42拯,開三,5
thringx,【庱】丑拯,徹,上42拯,開三,1
gingx,【殑】其拯,群,上42拯,開三,1
sringx,【㱡】色庱,生,上42拯,開三,1
tongx,【等】多肯,端,上43等,開一,1
phongx,【倗】普等,滂,上43等,開一,2
khongx,【肯】苦等,溪,上43等,開一,2
nongx,【能】奴等,泥,上43等,開一,1
iux,【有】云久,云,上44有,開三,9
liux,【柳】力久,來,上44有,開三,14
nriux,【狃】女久,娘,上44有,開三,11
thriux,【丑】敕久,徹,上44有,開三,3
triux,【肘】陟柳,知,上44有,開三,4
hiux,【朽】許久,曉,上44有,開三,4
kiux,【久】舉有,見,上44有,開三,7
sjux,【首】書九,書,上44有,開三,6
chjux,【醜】昌九,昌,上44有,開三,3
ziux,【湫】在九,從,上44有,開三,2
biux,【婦】房久,並,上44有,合三,15
piux,【缶】方久,幫,上44有,合三,8
khiux,【糗】去久,溪,上44有,開三,1
njux,【蹂】人九,日,上44有,開三,10
giux,【舅】其九,群,上44有,開三,11
driux,【紂】除柳,澄,上44有,開三,6
jux,【酉】與久,以,上44有,開三,21
zjux,【受】殖酉,常,上44有,開三,5
siux,【滫】息有,心,上44有,開三,4
qiux,【䬀】於柳,影,上44有,開三,3
ciux,【酒】子酉,精,上44有,開三,1
sriux,【𣸈】疎有,生,上44有,開三,1
cjux,【帚】之九,章,上44有,開三,5
phiux,【㤱】芳否,滂,上44有,合三,3
criux,【掫】側九,莊,上44有,開三,3
zriux,【𥣙】士九,崇,上44有,開三,1
chriux,【𩋄】初九,初,上44有,開三,3
ghux,【厚】胡口,匣,上45厚,開一,7
mux,【母】莫厚,明,上45厚,開一,14
bux,【部】蒲口,並,上45厚,開一,10
tux,【斗】當口,端,上45厚,開一,8
thux,【𪌘】天口,透,上45厚,開一,9
kux,【苟】古厚,見,上45厚,開一,13
ngux,【藕】五口,疑,上45厚,開一,6
pux,【㨐】方垢,幫,上45厚,開一,2
nux,【㝅】乃后,泥,上45厚,開一,6
sux,【叜】蘇后,心,上45厚,開一,15
hux,【吼】呼后,曉,上45厚,開一,7
phux,【剖】普后,滂,上45厚,開一,5
qux,【歐】烏后,影,上45厚,開一,7
lux,【塿】郎斗,來,上45厚,開一,10
cux,【走】子苟,精,上45厚,開一,1
khux,【口】苦后,溪,上45厚,開一,9
dux,【䕆】徒口,定,上45厚,開一,6
zux,【鯫】仕垢,從,上45厚,開一,1
chux,【趣】倉苟,清,上45厚,開一,3
qyx,【黝】於糾,影,上46黝,開三,7
kyx,【糾】居黝,見,上46黝,開三,4
gyx,【蟉】渠黝,群,上46黝,開三,1
chimx,【寑】七稔,清,上47寑,開三A,9
drimx,【朕】直稔,澄,上47寑,開三B,6
khimx,【坅】丘甚,溪,上47寑,開三B,1
limx,【廩】力稔,來,上47寑,開三A,8
simx,【罧】斯甚,心,上47寑,開三A,2
thrimx,【踸】丑甚,徹,上47寑,開三B,3
cimx,【䤐】子朕,精,上47寑,開三A,4
njimx,【荏】如甚,日,上47寑,開三A,14
cjimx,【枕】章荏,章,上47寑,開三A,3
sjimx,【沈】式荏,書,上47寑,開三A,14
zsjimx,【葚】食荏,船,上47寑,開三A,2
zjimx,【甚】常枕,常,上47寑,開三A,2
chjimx,【瀋】昌枕,昌,上47寑,開三A,1
chrimx,【墋】初朕,初,上47寑,開三B,3
nrimx,【拰】尼凜,娘,上47寑,開三B,1
gimx,【噤】渠飲,群,上47寑,開三B,4
kimx,【錦】居飲,見,上47寑,開三B,1
zimx,【蕈】慈荏,從,上47寑,開三A,1
ngimx,【僸】牛錦,疑,上47寑,開三B,2
srimx,【㾕】疎錦,生,上47寑,開三B,3
pimx,【稟】筆錦,幫,上47寑,開三B,1
qimx,【㱃】於錦,影,上47寑,開三B,3
phimx,【品】丕飲,滂,上47寑,開三B,3
himx,【廞】許錦,曉,上47寑,開三B,1
trimx,【戡】張甚,知,上47寑,開三B,2
jimx,【潭】以荏,以,上47寑,開三A,1
zrimx,【𩒣】士㾕,崇,上47寑,開三B,1
komx,【感】古禫,見,上48感,開一,11
domx,【禫】徒感,定,上48感,開一,16
qomx,【晻】烏感,影,上48感,開一,9
nomx,【腩】奴感,泥,上48感,開一,6
thomx,【襑】他感,透,上48感,開一,5
zomx,【歜】徂感,從,上48感,開一,4
chomx,【慘】七感,清,上48感,開一,8
ngomx,【顉】五感,疑,上48感,開一,3
comx,【昝】子感,精,上48感,開一,3
somx,【糂】桑感,心,上48感,開一,8
khomx,【坎】苦感,溪,上48感,開一,10
ghomx,【頷】胡感,匣,上48感,開一,16
lomx,【壈】盧感,來,上48感,開一,9
tomx,【黕】都感,端,上48感,開一,10
homx,【䫲】呼唵,曉,上48感,開一,1
kamx,【敢】古覽,見,上49敢,開一,7
sjamx,【㶒】賞敢,書,上49敢,開三,1
lamx,【覽】盧敢,來,上49敢,開一,6
thamx,【𦵹】吐敢,透,上49敢,開一,8
tamx,【膽】都敢,端,上49敢,開一,6
damx,【噉】徒敢,定,上49敢,開一,8
chamx,【黲】倉敢,清,上49敢,開一,1
mamx,【㛧】謨敢,明,上49敢,開一,2
camx,【䭕】子敢,精,上49敢,開一,1
zamx,【槧】才敢,從,上49敢,開一,4
hamx,【喊】呼覽,曉,上49敢,開一,4
qamx,【埯】烏敢,影,上49敢,開一,2
khamx,【𠪚】口敢,溪,上49敢,開一,2
jemx,【琰】以冉,以,上50琰,開三A,11
liemx,【斂】良冉,來,上50琰,開三A,13
hiemx,【險】虛檢,曉,上50琰,開三B,8
piemx,【貶】方斂,幫,上50琰,開三B,2
cjemx,【颭】占琰,章,上50琰,開三A,1
khiemx,【𩑳】丘檢,溪,上50琰,開三B,2
ngiemx,【顩】魚檢,疑,上50琰,開三B,7
giemx,【儉】巨險,群,上50琰,開三B,2
kiemx,【檢】居奄,見,上50琰,開三B,2
qjemx,【黶】於琰,影,上50琰,開三A,8
njemx,【冉】而琰,日,上50琰,開三A,10
sjemx,【陝】失冉,書,上50琰,開三A,8
thriemx,【諂】丑琰,徹,上50琰,開三B,2
qiemx,【奄】衣儉,影,上50琰,開三B,17
ziemx,【漸】慈染,從,上50琰,開三A,10
chiemx,【憸】七漸,清,上50琰,開三A,2
ciemx,【𩟗】子冉,精,上50琰,開三A,1
khjemx,【脥】謙琰,溪,上50琰,開三A,1
zjemx,【剡】時染,常,上50琰,開三A,1
themx,【忝】他玷,透,上51忝,開四,5
nemx,【淰】乃玷,泥,上51忝,開四,4
temx,【點】多忝,端,上51忝,開四,5
demx,【簟】徒玷,定,上51忝,開四,6
khemx,【嗛】苦簟,溪,上51忝,開四,4
lemx,【稴】力忝,來,上51忝,開四,3
ghemx,【鼸】胡忝,匣,上51忝,開四,2
chemx,【憯】青忝,清,上51忝,開四,1
kemx,【孂】兼玷,見,上51忝,開四,1
memx,【𡕢】明忝,明,上51忝,開四,2
ngiamx,【儼】魚埯,疑,上52儼,開三,7
khiamx,【欦】丘广,溪,上52儼,開三,3
qiamx,【埯】於广,影,上52儼,開三,2
ghremx,【豏】下斬,匣,上53豏,開二,8
dremx,【湛】徒減,澄,上53豏,開二,3
khremx,【㦿】苦減,溪,上53豏,開二,7
kremx,【鹼】古斬,見,上53豏,開二,4
zremx,【瀺】士減,崇,上53豏,開二,3
lremx,【臉】力減,來,上53豏,開二,2
cremx,【斬】側減,莊,上53豏,開二,1
chremx,【䑎】初減,初,上53豏,開二,2
hremx,【闞】火斬,曉,上53豏,開二,2
sremx,【摻】所斬,生,上53豏,開二,4
qremx,【黯】乙減,影,上53豏,開二,2
nremx,【𦊔】女減,娘,上53豏,開二,3
thremx,【𠐩】丑減,徹,上53豏,開二,2
ghramx,【檻】胡黤,匣,上54檻,開二,10
khramx,【䫡】丘檻,溪,上54檻,開二,1
sramx,【㨻】山檻,生,上54檻,開二,2
qramx,【黤】於檻,影,上54檻,開二,2
chramx,【醶】初檻,初,上54檻,開二,1
hramx,【㺖】荒檻,曉,上54檻,開二,2
zramx,【巉】仕檻,崇,上54檻,開二,1
byamx,【范】防錽,並,上55范,合三,6
myamx,【錽】亡范,明,上55范,合三,3
pyamx,【𦜒】府犯,幫,上55范,合三,3
phyamx,【釩】峯犯,滂,上55范,合三,1
thriamx,【𠑆】丑犯,徹,上55范,開三,2
sungh,【送】蘇弄,心,去01送,開一,3
biungh,【鳳】馮貢,並,去01送,合三,2
kungh,【貢】古送,見,去01送,開一,10
lungh,【弄】盧貢,來,去01送,開一,7
tungh,【涷】多貢,端,去01送,開一,7
khungh,【控】苦貢,溪,去01送,開一,6
cungh,【糉】作弄,精,去01送,開一,7
qungh,【瓮】烏貢,影,去01送,開一,5
chungh,【𧩪】千弄,清,去01送,開一,2
dungh,【洞】徒弄,定,去01送,開一,16
thungh,【痛】他貢,透,去01送,開一,1
driungh,【仲】直眾,澄,去01送,開三,3
piungh,【諷】方鳳,幫,去01送,合三,2
khiungh,【焪】去仲,溪,去01送,開三,3
miungh,【㝱】莫鳳,明,去01送,合三,5
hiungh,【𧽒】香仲,曉,去01送,開三,2
mungh,【𢄐】莫弄,明,去01送,開一,3
chiungh,【趥】千仲,清,去01送,開三,1
phiungh,【賵】撫鳳,滂,去01送,合三,2
zungh,【𣀒】徂送,從,去01送,開一,2
triungh,【中】陟仲,知,去01送,開三,2
ghungh,【哄】胡貢,匣,去01送,開一,5
nungh,【齈】奴凍,泥,去01送,開一,2
cjungh,【衆】之仲,章,去01送,開三,1
chjungh,【銃】充仲,昌,去01送,開三,1
zriungh,【㓽】仕仲,崇,去01送,開三,1
hungh,【烘】呼貢,曉,去01送,開一,2
suungh,【宋】蘇統,心,去02宋,合一,1
cuungh,【綜】子宋,精,去02宋,合一,3
thuungh,【統】他綜,透,去02宋,合一,2
muungh,【雺】莫綜,明,去02宋,合一,1
ghuungh,【䃔】乎宋,匣,去02宋,合一,2
jyungh,【用】余頌,以,去03用,開三,1
zsyungh,【頌】似用,邪,去03用,開三,4
byungh,【俸】扶用,並,去03用,合三,4
gyungh,【共】渠用,群,去03用,開三,1
pyungh,【葑】方用,幫,去03用,合三,2
kyungh,【供】居用,見,去03用,開三,2
qyungh,【雍】於用,影,去03用,開三,3
tryungh,【湩】竹用,知,去03用,開三,3
cyungh,【縱】子用,精,去03用,開三,2
thryungh,【蹱】丑用,徹,去03用,開三,2
njyungh,【䩸】而用,日,去03用,開三,3
cjyungh,【種】之用,章,去03用,開三,3
dryungh,【重】柱用,澄,去03用,開三,3
lyungh,【贚】良用,來,去03用,開三,3
khyungh,【恐】區用,溪,去03用,開三,3
zyungh,【從】疾用,從,去03用,開三,1
nryungh,【𢫨】穠用,娘,去03用,開三,1
krungh,【絳】古巷,見,去04絳,開二,5
ghrungh,【巷】胡絳,匣,去04絳,開二,3
trungh,【戇】陟降,知,去04絳,開二,1
drungh,【䡴】直絳,澄,去04絳,開二,6
thrungh,【𥈄】丑絳,徹,去04絳,開二,2
zrungh,【漴】士絳,崇,去04絳,開二,1
phrungh,【肨】匹絳,滂,去04絳,開二,1
chrungh,【䎫】楚絳,初,去04絳,開二,1
srungh,【淙】色絳,生,去04絳,開二,2
cjeh,【寘】支義,章,去05寘,開三A,8
bjeh,【避】毗義,並,去05寘,開三A,1
cjyeh,【惴】之睡,章,去05寘,合三A,3
lieh,【詈】力智,來,去05寘,開三A,6
zjeh,【豉】是義,常,去05寘,開三A,6
cieh,【積】子智,精,去05寘,開三A,4
sieh,【賜】斯義,心,去05寘,開三A,6
yeh,【爲】于僞,云,去05寘,合三B,1
kyeh,【䞈】詭僞,見,去05寘,合三B,5
phieh,【帔】披義,滂,去05寘,開三B,3
pieh,【賁】彼義,幫,去05寘,開三B,7
bieh,【髲】平義,並,去05寘,開三B,6
lyeh,【累】良僞,來,去05寘,合三A,1
kieh,【寄】居義,見,去05寘,開三B,3
pjeh,【臂】卑義,幫,去05寘,開三A,1
gieh,【芰】奇寄,群,去05寘,開三B,8
chieh,【刺】七賜,清,去05寘,開三A,10
jeh,【易】以豉,以,去05寘,開三A,6
ngieh,【議】宜寄,疑,去05寘,開三B,6
phjeh,【譬】匹賜,滂,去05寘,開三A,2
zieh,【漬】疾智,從,去05寘,開三A,8
trieh,【智】知義,知,去05寘,開三B,3
qieh,【倚】於義,影,去05寘,開三B,3
dryeh,【縋】馳僞,澄,去05寘,合三B,7
chjyeh,【吹】尺僞,昌,去05寘,合三A,3
hieh,【戲】香義,曉,去05寘,開三B,2
khjeh,【企】去智,溪,去05寘,開三A,6
qjeh,【縊】於賜,影,去05寘,開三A,3
sjeh,【翅】施智,書,去05寘,開三A,13
srieh,【屣】所寄,生,去05寘,開三B,5
khjyeh,【觖】窺瑞,溪,去05寘,合三A,1
qyeh,【餧】於僞,影,去05寘,合三B,4
ngyeh,【僞】危睡,疑,去05寘,合三B,1
hyeh,【毀】況僞,曉,去05寘,合三B,1
qjyeh,【恚】於避,影,去05寘,合三A,2
zjyeh,【睡】是僞,常,去05寘,合三A,4
kjeh,【馶】居企,見,去05寘,開三A,2
njyeh,【䄲】而瑞,日,去05寘,合三A,1
chjeh,【卶】充豉,昌,去05寘,開三A,1
syeh,【䅗】思累,心,去05寘,合三A,2
tryeh,【娷】竹恚,知,去05寘,合三B,2
jyeh,【瓗】以睡,以,去05寘,合三A,4
nryeh,【諉】女恚,娘,去05寘,合三B,3
kjyeh,【瞡】規恚,見,去05寘,合三A,1
crieh,【𧙁】爭義,莊,去05寘,開三B,2
hjyeh,【孈】呼恚,曉,去05寘,合三A,1
khieh,【㞆】卿義,溪,去05寘,開三B,2
cjiih,【至】脂利,章,去06至,開三A,13
yih,【位】于愧,云,去06至,合三B,1
miih,【郿】明祕,明,去06至,開三B,10
zsyih,【遂】徐醉,邪,去06至,合三A,24
cyih,【醉】將遂,精,去06至,合三A,2
syih,【邃】雖遂,心,去06至,合三A,9
lyih,【類】力遂,來,去06至,合三A,9
piih,【祕】兵媚,幫,去06至,開三B,15
gyih,【匱】求位,群,去06至,合三B,11
phiih,【濞】匹備,滂,去06至,開三B,6
biih,【備】平祕,並,去06至,開三B,17
kyih,【媿】俱位,見,去06至,合三B,6
sryih,【帥】所類,生,去06至,合三B,2
khyih,【喟】丘愧,溪,去06至,合三B,9
hyih,【豷】許位,曉,去06至,合三B,2
zjiih,【嗜】常利,常,去06至,開三A,6
liih,【利】力至,來,去06至,開三A,8
nriih,【膩】女利,娘,去06至,開三B,4
phjiih,【屁】匹寐,滂,去06至,開三A,2
ngiih,【劓】魚器,疑,去06至,開三B,1
triih,【致】陟利,知,去06至,開三B,15
khjiih,【棄】詰利,溪,去06至,開三A,5
driih,【緻】直利,澄,去06至,開三B,12
mjiih,【寐】彌二,明,去06至,開三A,2
thriih,【杘】丑利,徹,去06至,開三B,8
kiih,【冀】几利,見,去06至,開三B,8
giih,【臮】具冀,群,去06至,開三B,7
gjyih,【悸】其季,群,去06至,合三A,5
chyih,【翠】七醉,清,去06至,合三A,3
njiih,【二】而至,日,去06至,開三A,5
ciih,【恣】資四,精,去06至,開三A,2
chiih,【次】七四,清,去06至,開三A,9
qiih,【懿】乙冀,影,去06至,開三B,7
siih,【四】息利,心,去06至,開三A,13
khiih,【器】去冀,溪,去06至,開三B,1
kjyih,【季】居悸,見,去06至,合三A,2
bjiih,【鼻】毗至,並,去06至,開三A,10
hjyih,【䁤】香季,曉,去06至,合三A,3
pjiih,【痹】必至,幫,去06至,開三A,6
zyih,【萃】秦醉,從,去06至,合三A,6
diih,【地】徒四,定,去06至,開三A,2
hiih,【齂】虛器,曉,去06至,開三B,6
jiih,【肄】羊至,以,去06至,開三A,8
zsjiih,【示】神至,船,去06至,開三A,5
ziih,【自】疾二,從,去06至,開三A,2
dryih,【墜】直類,澄,去06至,合三B,3
chjyih,【出】尺類,昌,去06至,合三A,1
jyih,【遺】以醉,以,去06至,合三A,8
tryih,【轛】追萃,知,去06至,合三B,1
chjiih,【痓】充自,昌,去06至,開三A,1
sjiih,【屍】矢利,書,去06至,開三A,2
chryih,【㿷】楚愧,初,去06至,合三B,1
sjyih,【㽷】釋類,書,去06至,合三A,2
cjih,【志】職吏,章,去07志,開三,7
drih,【值】直吏,澄,去07志,開三,5
zsih,【寺】祥吏,邪,去07志,開三,5
chih,【蛓】七吏,清,去07志,開三,4
sih,【笥】相吏,心,去07志,開三,4
sjih,【試】式吏,書,去07志,開三,4
crih,【胾】側吏,莊,去07志,開三,6
lih,【吏】力置,來,去07志,開三,2
zih,【字】疾置,從,去07志,開三,6
thrih,【眙】丑吏,徹,去07志,開三,5
njih,【餌】仍吏,日,去07志,開三,16
srih,【駛】疎吏,生,去07志,開三,7
chrih,【廁】初吏,初,去07志,開三,1
jih,【異】羊吏,以,去07志,開三,7
trih,【置】陟吏,知,去07志,開三,2
zjih,【侍】時吏,常,去07志,開三,3
zrih,【事】鉏吏,崇,去07志,開三,2
gih,【忌】渠記,群,去07志,開三,13
chjih,【熾】昌志,昌,去07志,開三,8
qih,【意】於記,影,去07志,開三,4
kih,【記】居吏,見,去07志,開三,1
hih,【憙】許記,曉,去07志,開三,2
ngih,【䰯】魚記,疑,去07志,開三,6
khih,【亟】去吏,溪,去07志,開三,3
myoih,【未】無沸,明,去08未,合三,8
kyoih,【貴】居胃,見,去08未,合三,3
yoih,【胃】于貴,云,去08未,合三,17
ngyoih,【魏】魚貴,疑,去08未,合三,2
pyoih,【沸】方味,幫,去08未,合三,11
phyoih,【費】芳未,滂,去08未,合三,6
khyoih,【𥽂】丘畏,溪,去08未,合三,3
qyoih,【尉】於胃,影,去08未,合三,12
hyoih,【諱】許貴,曉,去08未,合三,4
byoih,【𥝋】扶沸,並,去08未,合三,24
kioih,【旣】居豙,見,去08未,開三,7
ngioih,【毅】魚既,疑,去08未,開三,7
khioih,【氣】去既,溪,去08未,開三,5
hioih,【欷】許既,曉,去08未,開三,18
gioih,【䤒】其既,群,去08未,開三,2
qioih,【衣】於既,影,去08未,開三,1
ngioh,【御】牛倨,疑,去09御,開三,3
lioh,【慮】良倨,來,去09御,開三,9
kioh,【據】居御,見,去09御,開三,10
chioh,【覰】七慮,清,去09御,開三,6
khioh,【㰦】丘倨,溪,去09御,開三,9
zjoh,【署】常恕,常,去09御,開三,4
sjoh,【恕】商署,書,去09御,開三,4
trioh,【著】陟慮,知,去09御,開三,2
cjoh,【䬡】章恕,章,去09御,開三,9
srioh,【䟽】所去,生,去09御,開三,3
qioh,【飫】依倨,影,去09御,開三,10
drioh,【箸】遟倨,澄,去09御,開三,4
gioh,【遽】其據,群,去09御,開三,5
sioh,【絮】息據,心,去09御,開三,1
zrioh,【助】牀據,崇,去09御,開三,3
cioh,【怚】將預,精,去09御,開三,2
crioh,【詛】莊助,莊,去09御,開三,2
njoh,【洳】人恕,日,去09御,開三,3
joh,【豫】羊洳,以,去09御,開三,20
hioh,【噓】許御,曉,去09御,開三,1
nrioh,【女】尼據,娘,去09御,開三,2
chrioh,【楚】瘡據,初,去09御,開三,2
chjoh,【處】昌據,昌,去09御,開三,2
thrioh,【絮】抽據,徹,去09御,開三,3
zsioh,【𡲁】徐預,邪,去09御,開三,1
ngyoh,【遇】牛具,疑,去10遇,合三,7
qyoh,【嫗】衣遇,影,去10遇,合三,3
zjyoh,【樹】常句,常,去10遇,合三,5
dryoh,【住】持遇,澄,去10遇,合三,3
byoh,【附】符遇,並,去10遇,合三,11
cjyoh,【注】之戍,章,去10遇,合三,16
kyoh,【屨】九遇,見,去10遇,合三,10
hyoh,【昫】香句,曉,去10遇,合三,6
sjyoh,【戍】傷遇,書,去10遇,合三,8
jyoh,【裕】羊戍,以,去10遇,合三,7
njyoh,【孺】而遇,日,去10遇,合三,4
phyoh,【赴】芳遇,滂,去10遇,合三,11
myoh,【務】亡遇,明,去10遇,合三,14
cyoh,【緅】子句,精,去10遇,合三,2
gyoh,【懼】其遇,群,去10遇,合三,4
yoh,【芋】王遇,云,去10遇,合三,5
zyoh,【埾】才句,從,去10遇,合三,2
sryoh,【捒】色句,生,去10遇,合三,3
pyoh,【付】方遇,幫,去10遇,合三,6
chyoh,【娶】七句,清,去10遇,合三,2
tryoh,【註】中句,知,去10遇,合三,9
khyoh,【驅】區遇,溪,去10遇,合三,2
chryoh,【菆】芻注,初,去10遇,合三,3
thryoh,【𨳳】丑注,徹,去10遇,合三,2
syoh,【尠】思句,心,去10遇,合三,1
lyoh,【屢】良遇,來,去10遇,合三,2
moh,【暮】莫故,明,去11暮,開一,6
doh,【渡】徒故,定,去11暮,開一,5
loh,【路】洛故,來,去11暮,開一,13
toh,【妒】當故,端,去11暮,開一,13
thoh,【菟】湯故,透,去11暮,開一,4
koh,【顧】古暮,見,去11暮,開一,15
ngoh,【誤】五故,疑,去11暮,開一,14
ghoh,【護】胡誤,匣,去11暮,開一,17
soh,【訴】桑故,心,去11暮,開一,15
zoh,【祚】昨誤,從,去11暮,開一,7
noh,【笯】乃故,泥,去11暮,開一,2
poh,【布】博故,幫,去11暮,開一,6
qoh,【汙】烏路,影,去11暮,開一,4
phoh,【怖】普故,滂,去11暮,開一,5
choh,【厝】倉故,清,去11暮,開一,5
khoh,【絝】苦故,溪,去11暮,開一,7
boh,【捕】薄故,並,去11暮,開一,13
hoh,【謼】荒故,曉,去11暮,開一,2
coh,【作】臧祚,精,去11暮,開一,1
ceh,【霽】子計,精,去12霽,開四,8
teh,【帝】都計,端,去12霽,開四,23
zeh,【嚌】在詣,從,去12霽,開四,10
theh,【替】他計,透,去12霽,開四,20
deh,【第】特計,定,去12霽,開四,29
cheh,【砌】七計,清,去12霽,開四,8
seh,【細】蘇計,心,去12霽,開四,6
ngeh,【詣】五計,疑,去12霽,開四,11
keh,【計】古詣,見,去12霽,開四,12
gheh,【蒵】胡計,匣,去12霽,開四,14
kheh,【契】苦計,溪,去12霽,開四,10
qeh,【翳】於計,影,去12霽,開四,17
meh,【謎】莫計,明,去12霽,開四,2
peh,【閉】博計,幫,去12霽,開四,5
ghueh,【慧】胡桂,匣,去12霽,合四,13
kueh,【桂】古惠,見,去12霽,合四,9
hueh,【嘒】呼惠,曉,去12霽,合四,3
pheh,【媲】匹詣,滂,去12霽,開四,7
beh,【薜】蒲計,並,去12霽,開四,5
leh,【麗】郎計,來,去12霽,開四,34
neh,【泥】奴計,泥,去12霽,開四,5
heh,【㰥】呼計,曉,去12霽,開四,3
cied,【祭】子例,精,去13祭,開三A,7
syed,【歲】相銳,心,去13祭,合三A,4
yed,【衞】于歲,云,去13祭,合三B,13
njyed,【芮】而銳,日,去13祭,合三A,6
cjyed,【贅】之芮,章,去13祭,合三A,2
sryed,【𠻜】山芮,生,去13祭,合三B,1
chyed,【毳】此芮,清,去13祭,合三A,12
jyed,【銳】以芮,以,去13祭,合三A,6
tryed,【綴】陟衛,知,去13祭,合三B,11
sjyed,【稅】舒芮,書,去13祭,合三A,9
bjed,【𡚁】毗祭,並,去13祭,開三A,5
chryed,【㯔】楚稅,初,去13祭,合三B,4
zsyed,【篲】祥歲,邪,去13祭,合三A,9
pjed,【蔽】必袂,幫,去13祭,開三A,4
kyed,【劌】居衛,見,去13祭,合三B,6
mjed,【袂】彌弊,明,去13祭,開三A,1
sried,【㡜】所例,生,去13祭,開三B,3
chjed,【掣】尺制,昌,去13祭,開三A,8
cjed,【制】征例,章,去13祭,開三A,18
zjed,【逝】時制,常,去13祭,開三A,13
jed,【曳】餘制,以,去13祭,開三A,29
qied,【䋵】於罽,影,去13祭,開三B,5
ngjed,【藝】魚祭,疑,去13祭,開三A,8
dried,【滯】直例,澄,去13祭,開三B,7
lied,【例】力制,來,去13祭,開三A,25
khied,【憩】去例,溪,去13祭,開三B,6
sjed,【丗】舒制,書,去13祭,開三A,3
kied,【猘】居例,見,去13祭,開三B,8
tried,【㿃】竹例,知,去13祭,開三B,1
gied,【偈】其憩,群,去13祭,開三B,1
zjyed,【啜】嘗芮,常,去13祭,合三A,1
thried,【跇】丑例,徹,去13祭,開三B,12
dryed,【𨮱】除芮,澄,去13祭,合三B,1
ngied,【㓷】牛例,疑,去13祭,開三B,1
cyed,【蕝】子芮,精,去13祭,合三A,3
phjed,【潎】匹蔽,滂,去13祭,開三A,1
khyad,【𥏙】丘吠,溪,去13祭,合三,1
hyad,【䂕】呼吠,曉,去13祭,合三,1
thad,【泰】他蓋,透,去14泰,開一,4
kad,【蓋】古太,見,去14泰,開一,3
ngad,【艾】五蓋,疑,去14泰,開一,3
qad,【藹】於蓋,影,去14泰,開一,10
nad,【柰】奴帶,泥,去14泰,開一,5
dad,【大】徒蓋,定,去14泰,開一,8
ghad,【害】胡蓋,匣,去14泰,開一,4
tad,【帶】當蓋,端,去14泰,開一,7
pad,【貝】博蓋,幫,去14泰,開一,14
phad,【霈】普蓋,滂,去14泰,開一,5
ghuad,【會】黃外,匣,去14泰,合一,5
duad,【兌】杜外,定,去14泰,合一,5
kuad,【儈】古外,見,去14泰,合一,18
cuad,【最】祖外,精,去14泰,合一,3
huad,【𧬨】呼會,曉,去14泰,合一,6
khuad,【𥢶】苦會,溪,去14泰,合一,1
luad,【酹】郎外,來,去14泰,合一,5
nguad,【外】五會,疑,去14泰,合一,1
tuad,【祋】丁外,端,去14泰,合一,1
quad,【懀】烏外,影,去14泰,合一,7
zuad,【蕞】才外,從,去14泰,合一,2
suad,【𥕸】先外,心,去14泰,合一,3
chuad,【襊】麤最,清,去14泰,合一,3
bad,【旆】蒲蓋,並,去14泰,開一,3
khad,【磕】苦蓋,溪,去14泰,開一,9
chad,【蔡】倉大,清,去14泰,開一,3
lad,【賴】落蓋,來,去14泰,開一,14
had,【餀】呼艾,曉,去14泰,開一,5
thuad,【娧】他外,透,去14泰,合一,5
mad,【眛】莫貝,明,去14泰,開一,4
krueh,【卦】古賣,見,去15卦,合二,6
kreh,【懈】古隘,見,去15卦,開二,6
qreh,【隘】烏懈,影,去15卦,開二,6
ghreh,【邂】胡懈,匣,去15卦,開二,2
mreh,【賣】莫懈,明,去15卦,開二,1
ghrueh,【畫】胡卦,匣,去15卦,合二,9
chreh,【差】楚懈,初,去15卦,開二,7
ngreh,【睚】五懈,疑,去15卦,開二,1
hreh,【謑】火懈,曉,去15卦,開二,1
preh,【庍】方卦,幫,去15卦,開二,1
breh,【粺】傍卦,並,去15卦,開二,4
zreh,【㾹】士懈,崇,去15卦,開二,2
phreh,【派】匹卦,滂,去15卦,開二,7
creh,【債】側賣,莊,去15卦,開二,1
khreh,【𡢖】苦賣,溪,去15卦,開二,2
sreh,【曬】所賣,生,去15卦,開二,5
hrueh,【諣】呼卦,曉,去15卦,合二,2
treh,【膪】竹賣,知,去15卦,開二,2
kruaih,【怪】古壞,見,去16怪,合二,8
qraih,【噫】烏界,影,去16怪,開二,2
craih,【瘵】側界,莊,去16怪,開二,3
kraih,【誡】古拜,見,去16怪,開二,23
nraih,【褹】女介,娘,去16怪,開二,1
hraih,【譮】許介,曉,去16怪,開二,9
ghraih,【械】胡介,匣,去16怪,開二,11
ngraih,【𦗐】五介,疑,去16怪,開二,4
khruaih,【蒯】苦怪,溪,去16怪,合二,9
praih,【𢷎】博怪,幫,去16怪,開二,3
phraih,【湃】普拜,滂,去16怪,開二,2
ghruaih,【壞】胡怪,匣,去16怪,合二,3
ngruaih,【聵】五怪,疑,去16怪,合二,3
braih,【𢞎】蒲拜,並,去16怪,開二,8
mraih,【䀛】莫拜,明,去16怪,開二,3
hruaih,【𧱳】火怪,曉,去16怪,合二,5
sraih,【鎩】所拜,生,去16怪,開二,4
khraih,【烗】苦戒,溪,去16怪,開二,4
truaih,【顡】迍怪,知,去16怪,合二,1
kruad,【夬】古邁,見,去17夬,合二,3
khruad,【快】苦夬,溪,去17夬,合二,5
mrad,【邁】莫話,明,去17夬,開二,4
ghruad,【話】下快,匣,去17夬,合二,1
brad,【敗】薄邁,並,去17夬,開二,4
qruad,【䵳】烏快,影,去17夬,合二,3
chruad,【嘬】楚夬,初,去17夬,合二,4
krad,【犗】古喝,見,去17夬,開二,2
thrad,【蠆】丑犗,徹,去17夬,開二,2
qrad,【喝】於犗,影,去17夬,開二,5
srad,【𠱡】所犗,生,去17夬,開二,1
drad,【𦤧】除邁,澄,去17夬,開二,1
hrad,【䜕】火犗,曉,去17夬,開二,2
hruad,【咶】火夬,曉,去17夬,合二,1
prad,【敗】補邁,幫,去17夬,開二,2
zrad,【寨】豺夬,崇,去17夬,開二,2
ghrad,【㕢】何犗,匣,去17夬,開二,1
duaih,【隊】徒對,定,去18隊,合一,12
buaih,【佩】蒲昧,並,去18隊,合一,12
muaih,【妹】莫佩,明,去18隊,合一,11
phuaih,【配】滂佩,滂,去18隊,合一,4
huaih,【誨】荒內,曉,去18隊,合一,11
tuaih,【對】都隊,端,去18隊,合一,6
chuaih,【倅】七內,清,去18隊,合一,5
cuaih,【晬】子對,精,去18隊,合一,7
quaih,【𩲄】烏繢,影,去18隊,合一,3
thuaih,【退】他內,透,去18隊,合一,5
kuaih,【憒】古對,見,去18隊,合一,10
ghuaih,【潰】胡對,匣,去18隊,合一,13
khuaih,【塊】苦對,溪,去18隊,合一,3
suaih,【碎】蘇內,心,去18隊,合一,5
nuaih,【內】奴對,泥,去18隊,合一,1
luaih,【纇】盧對,來,去18隊,合一,14
puaih,【背】補妹,幫,去18隊,合一,3
nguaih,【磑】五對,疑,去18隊,合一,2
daih,【代】徒耐,定,去19代,開一,13
caih,【載】作代,精,去19代,開一,8
saih,【賽】先代,心,去19代,開一,4
thaih,【貸】他代,透,去19代,開一,4
kaih,【漑】古代,見,去19代,開一,6
khaih,【慨】苦愛,溪,去19代,開一,6
ngaih,【礙】五溉,疑,去19代,開一,7
qaih,【愛】烏代,影,去19代,開一,9
ghaih,【瀣】胡概,匣,去19代,開一,3
naih,【耐】奴代,泥,去19代,開一,7
taih,【戴】都代,端,去19代,開一,1
laih,【賚】洛代,來,去19代,開一,9
chaih,【菜】倉代,清,去19代,開一,5
zaih,【載】昨代,從,去19代,開一,7
haih,【儗】海愛,曉,去19代,開一,1
pyad,【廢】方肺,幫,去20廢,合三,9
phyad,【肺】芳廢,滂,去20廢,合三,4
qyad,【穢】於廢,影,去20廢,合三,6
byad,【吠】符廢,並,去20廢,合三,10
gyad,【𤜂】渠穢,群,去20廢,合三,1
ngiad,【刈】魚肺,疑,去20廢,開三,8
cjinh,【震】章刃,章,去21震,開三A,11
sinh,【信】息晉,心,去21震,開三A,11
njinh,【刃】而振,日,去21震,開三A,11
jinh,【胤】羊晉,以,去21震,開三A,11
linh,【遴】良刃,來,去21震,開三A,28
pjinh,【儐】必刃,幫,去21震,開三A,7
drinh,【敶】直刃,澄,去21震,開三B,5
zjinh,【愼】時刃,常,去21震,開三A,3
sjinh,【眒】試刃,書,去21震,開三A,3
khjinh,【菣】去刃,溪,去21震,開三A,3
zsinh,【賮】徐刃,邪,去21震,開三A,6
nginh,【憖】魚覲,疑,去21震,開三B,3
cinh,【晉】即刃,精,去21震,開三A,10
hinh,【衅】許覲,曉,去21震,開三B,3
trinh,【鎭】陟刃,知,去21震,開三B,3
ginh,【僅】渠遴,群,去21震,開三B,11
chrinh,【櫬】初覲,初,去21震,開三B,7
qjinh,【印】於刃,影,去21震,開三A,4
thrinh,【疢】丑刃,徹,去21震,開三B,2
phjinh,【𣎳】匹刃,滂,去21震,開三A,3
chinh,【親】七遴,清,去21震,開三A,5
kjynh,【呁】九峻,見,去21震,合三A,2
cjynh,【稕】之閏,章,去22稕,合三A,6
synh,【𡺲】私閏,心,去22稕,合三A,13
zsynh,【殉】辭閏,邪,去22稕,合三A,4
cynh,【儁】子峻,精,去22稕,合三A,12
sjynh,【舜】舒閏,書,去22稕,合三A,8
njynh,【閠】如順,日,去22稕,合三A,3
zsjynh,【順】食閏,船,去22稕,合三A,2
myonh,【問】亡運,明,去23問,合三,11
yonh,【運】王問,云,去23問,合三,16
hyonh,【訓】許運,曉,去23問,合三,5
phyonh,【湓】匹問,滂,去23問,合三,4
pyonh,【糞】方問,幫,去23問,合三,8
qyonh,【醖】於問,影,去23問,合三,4
kyonh,【攈】居運,見,去23問,合三,5
gyonh,【郡】渠運,群,去23問,合三,1
byonh,【分】扶問,並,去23問,合三,5
hionh,【焮】香靳,曉,去24焮,開三,6
kionh,【靳】居焮,見,去24焮,開三,5
gionh,【近】巨靳,群,去24焮,開三,1
qionh,【㒚】於靳,影,去24焮,開三,8
ngionh,【垽】吾靳,疑,去24焮,開三,1
ngyanh,【願】魚怨,疑,去25願,合三,4
qyanh,【怨】於願,影,去25願,合三,2
pyanh,【販】方願,幫,去25願,合三,2
khyanh,【券】去願,溪,去25願,合三,6
myanh,【万】無販,明,去25願,合三,18
byanh,【飯】符万,並,去25願,合三,6
phyanh,【嬎】芳万,滂,去25願,合三,10
kianh,【建】居万,見,去25願,開三,2
qianh,【堰】於建,影,去25願,開三,10
hianh,【獻】許建,曉,去25願,開三,4
hyanh,【楥】虛願,曉,去25願,合三,4
gianh,【健】渠建,群,去25願,開三,2
chryanh,【𣀔】叉万,初,去25願,合三,1
yanh,【遠】于願,云,去25願,合三,1
ngianh,【𤬝】語堰,疑,去25願,開三,2
gyanh,【圈】臼万,群,去25願,合三,1
kyanh,【卛】居願,見,去25願,合三,2
ghuonh,【慁】胡困,匣,去26慁,合一,4
tuonh,【頓】都困,端,去26慁,合一,3
suonh,【巽】蘇困,心,去26慁,合一,6
khuonh,【困】苦悶,溪,去26慁,合一,4
nuonh,【嫩】奴困,泥,去26慁,合一,4
quonh,【揾】烏困,影,去26慁,合一,2
muonh,【悶】莫困,明,去26慁,合一,2
zuonh,【鐏】徂悶,從,去26慁,合一,5
kuonh,【睔】古困,見,去26慁,合一,7
phuonh,【噴】普悶,滂,去26慁,合一,3
duonh,【鈍】徒困,定,去26慁,合一,5
chuonh,【寸】倉困,清,去26慁,合一,2
buonh,【坌】蒲悶,並,去26慁,合一,2
nguonh,【顐】五困,疑,去26慁,合一,2
luonh,【論】盧困,來,去26慁,合一,3
puonh,【奔】甫悶,幫,去26慁,合一,1
huonh,【惛】呼悶,曉,去26慁,合一,1
cuonh,【焌】子寸,精,去26慁,合一,3
ghonh,【恨】胡艮,匣,去27恨,開一,1
konh,【艮】古恨,見,去27恨,開一,4
ngonh,【䭓】五恨,疑,去27恨,開一,1
qonh,【䭡】烏恨,影,去27恨,開一,1
ghanh,【翰】侯旰,匣,去28翰,開一,25
thanh,【炭】他旦,透,去28翰,開一,6
qanh,【按】烏旰,影,去28翰,開一,7
tanh,【旦】得按,端,去28翰,開一,8
danh,【憚】徒案,定,去28翰,開一,6
kanh,【旰】古案,見,去28翰,開一,11
nganh,【岸】五旰,疑,去28翰,開一,9
khanh,【侃】苦旰,溪,去28翰,開一,6
hanh,【漢】呼旰,曉,去28翰,開一,9
lanh,【爛】郎旰,來,去28翰,開一,7
nanh,【攤】奴案,泥,去28翰,開一,6
chanh,【粲】蒼案,清,去28翰,開一,6
sanh,【𦇕】蘇旰,心,去28翰,開一,6
canh,【賛】則旰,精,去28翰,開一,11
zanh,【㜺】徂贊,從,去28翰,開一,5
ghuanh,【換】胡玩,匣,去29換,合一,9
cuanh,【𥎞】子筭,精,去29換,合一,2
quanh,【惋】烏貫,影,去29換,合一,6
kuanh,【貫】古玩,見,去29換,合一,28
chuanh,【竄】七亂,清,去29換,合一,5
nguanh,【玩】五換,疑,去29換,合一,5
duanh,【段】徒玩,定,去29換,合一,3
luanh,【亂】郎段,來,去29換,合一,4
tuanh,【鍛】丁貫,端,去29換,合一,6
thuanh,【彖】通貫,透,去29換,合一,4
huanh,【喚】火貫,曉,去29換,合一,8
suanh,【筭】蘇貫,心,去29換,合一,4
muanh,【縵】莫半,明,去29換,開一,10
puanh,【半】博漫,幫,去29換,開一,7
phuanh,【判】普半,滂,去29換,開一,8
buanh,【叛】薄半,並,去29換,開一,4
nuanh,【偄】奴亂,泥,去29換,合一,5
zuanh,【攅】在玩,從,去29換,合一,1
khuanh,【䥗】口喚,溪,去29換,合一,2
kranh,【諫】古晏,見,去30諫,開二,3
ngranh,【鴈】五晏,疑,去30諫,開二,6
qranh,【晏】烏澗,影,去30諫,開二,5
sranh,【訕】所晏,生,去30諫,開二,7
ghranh,【骭】下晏,匣,去30諫,開二,2
mranh,【慢】謨晏,明,去30諫,開二,5
qruanh,【綰】烏患,影,去30諫,合二,3
ghruanh,【患】胡慣,匣,去30諫,合二,9
kruanh,【慣】古患,見,去30諫,合二,6
sruanh,【㝈】生患,生,去30諫,合二,2
chruanh,【篡】初患,初,去30諫,合二,1
ngruanh,【薍】五患,疑,去30諫,合二,1
zranh,【輚】士諫,崇,去30諫,開二,5
phranh,【襻】普患,滂,去30諫,開二,1
nruanh,【奻】女患,娘,去30諫,合二,1
chranh,【鏟】初鴈,初,去30諫,開二,3
thranh,【㬄】丑晏,徹,去30諫,開二,2
krenh,【襉】古莧,見,去31襇,開二,6
ghrenh,【莧】侯襇,匣,去31襇,開二,3
brenh,【瓣】蒲莧,並,去31襇,開二,4
phrenh,【盼】匹莧,滂,去31襇,開二,2
ghruenh,【幻】胡辨,匣,去31襇,合二,1
mrenh,【蔄】亡莧,明,去31襇,開二,1
drenh,【袒】丈莧,澄,去31襇,開二,3
prenh,【扮】晡幻,幫,去31襇,開二,1
kruenh,【鰥】古幻,見,去31襇,合二,1
senh,【霰】蘇佃,心,去32霰,開四,9
chenh,【蒨】倉甸,清,去32霰,開四,13
huenh,【絢】許縣,曉,去32霰,合四,8
ghuenh,【縣】黃練,匣,去32霰,合四,15
kuenh,【睊】古縣,見,去32霰,合四,11
denh,【電】堂練,定,去32霰,開四,18
thenh,【瑱】他甸,透,去32霰,開四,4
lenh,【練】郎甸,來,去32霰,開四,15
kenh,【見】古電,見,去32霰,開四,2
nenh,【晛】奴甸,泥,去32霰,開四,4
khenh,【俔】苦甸,溪,去32霰,開四,8
ghenh,【見】胡甸,匣,去32霰,開四,4
ngenh,【硯】吾甸,疑,去32霰,開四,6
qenh,【宴】於甸,影,去32霰,開四,13
cenh,【薦】作甸,精,去32霰,開四,2
menh,【麪】莫甸,明,去32霰,開四,8
phenh,【片】普麵,滂,去32霰,開四,3
zenh,【荐】在甸,從,去32霰,開四,7
quenh,【䬼】烏縣,影,去32霰,合四,4
tenh,【殿】都甸,端,去32霰,開四,3
henh,【𩎌】呼甸,曉,去32霰,開四,1
sienh,【線】私箭,心,去33線,開三A,4
cjenh,【戰】之膳,章,去33線,開三A,2
zjenh,【繕】時戰,常,去33線,開三A,12
ngienh,【彥】魚變,疑,去33線,開三B,6
khjenh,【譴】去戰,溪,去33線,開三A,5
kjyenh,【絹】吉掾,見,去33線,合三A,5
yenh,【瑗】王眷,云,去33線,合三B,5
mjenh,【面】彌箭,明,去33線,開三A,2
chjyenh,【釧】尺絹,昌,去33線,合三A,4
jyenh,【掾】以絹,以,去33線,合三A,4
trienh,【𩥇】陟扇,知,去33線,開三B,3
njyenh,【𤲬】人絹,日,去33線,合三A,1
cienh,【箭】子賤,精,去33線,開三A,9
chjenh,【硟】昌戰,昌,去33線,開三A,1
sjenh,【扇】式戰,書,去33線,開三A,6
qjenh,【躽】於扇,影,去33線,開三A,3
kyenh,【眷】居倦,見,去33線,合三B,15
gyenh,【倦】渠卷,群,去33線,合三B,5
lyenh,【戀】力卷,來,去33線,合三A,4
thryenh,【猭】丑戀,徹,去33線,合三B,2
pienh,【變】彼眷,幫,去33線,開三B,1
sryenh,【𨏉】所眷,生,去33線,合三B,2
chyenh,【縓】七絹,清,去33線,合三A,3
bienh,【卞】皮變,並,去33線,開三B,15
zsyenh,【㳬】辝戀,邪,去33線,合三A,9
syenh,【選】息絹,心,去33線,合三A,8
zryenh,【䉵】士戀,崇,去33線,合三B,9
cryenh,【孨】莊眷,莊,去33線,合三B,1
dryenh,【傳】直戀,澄,去33線,合三B,2
zienh,【賤】才線,從,去33線,開三A,3
zsienh,【羨】似面,邪,去33線,開三A,2
phjenh,【騗】匹戰,滂,去33線,開三A,2
zjyenh,【𢮨】時釧,常,去33線,合三A,2
nrienh,【輾】女箭,娘,去33線,開三B,2
tryenh,【囀】知戀,知,去33線,合三B,3
jenh,【衍】予線,以,去33線,開三A,8
bjenh,【便】婢面,並,去33線,開三A,1
drienh,【邅】持碾,澄,去33線,開三B,2
lienh,【𤹨】連彥,來,去33線,開三A,2
khyenh,【𥛁】區倦,溪,去33線,合三B,3
cjyenh,【剸】之囀,章,去33線,合三A,1
penh,【徧】方見,幫,去33線,開四,2
seuh,【嘯】蘇弔,心,去34嘯,開四,5
theuh,【糶】他弔,透,去34嘯,開四,10
teuh,【弔】多嘯,端,去34嘯,開四,7
keuh,【叫】古弔,見,去34嘯,開四,12
neuh,【尿】奴弔,泥,去34嘯,開四,2
deuh,【藋】徒弔,定,去34嘯,開四,7
kheuh,【竅】苦弔,溪,去34嘯,開四,2
leuh,【𩕐】力弔,來,去34嘯,開四,9
ngeuh,【顤】五弔,疑,去34嘯,開四,5
qeuh,【窔】烏叫,影,去34嘯,開四,2
heuh,【𢿿】火弔,曉,去34嘯,開四,3
sieuh,【𥬇】私妙,心,去35笑,開三A,5
cjeuh,【照】之少,章,去35笑,開三A,5
jeuh,【燿】弋照,以,去35笑,開三A,17
qjeuh,【要】於笑,影,去35笑,開三A,3
drieuh,【召】直照,澄,去35笑,開三B,1
zjeuh,【邵】寔照,常,去35笑,開三A,7
gieuh,【嶠】渠廟,群,去35笑,開三B,2
phjeuh,【剽】匹妙,滂,去35笑,開三A,11
zieuh,【噍】才笑,從,去35笑,開三A,4
mjeuh,【妙】彌笑,明,去35笑,開三A,3
chieuh,【陗】七肖,清,去35笑,開三A,8
lieuh,【𤊽】力照,來,去35笑,開三A,8
khieuh,【趬】丘召,溪,去35笑,開三B,5
ngieuh,【𧇠】牛召,疑,去35笑,開三B,1
cieuh,【醮】子肖,精,去35笑,開三A,11
mieuh,【廟】眉召,明,去35笑,開三B,2
bjeuh,【驃】毗召,並,去35笑,開三A,1
sjeuh,【少】失照,書,去35笑,開三A,2
thrieuh,【脁】丑召,徹,去35笑,開三B,1
pieuh,【裱】方廟,幫,去35笑,開三B,2
gjeuh,【翹】巨要,群,去35笑,開三A,1
njeuh,【饒】人要,日,去35笑,開三A,2
ghrauh,【效】胡教,匣,去36效,開二,8
krauh,【敎】古孝,見,去36效,開二,11
hrauh,【孝】呼教,曉,去36效,開二,6
trauh,【罩】都教,知,去36效,開二,5
prauh,【豹】北教,幫,去36效,開二,5
khrauh,【敲】苦教,溪,去36效,開二,3
mrauh,【皃】莫教,明,去36效,開二,7
phrauh,【奅】匹皃,滂,去36效,開二,6
thrauh,【趠】丑教,徹,去36效,開二,2
srauh,【稍】所教,生,去36效,開二,7
drauh,【棹】直教,澄,去36效,開二,4
nrauh,【橈】奴教,娘,去36效,開二,4
crauh,【抓】側教,莊,去36效,開二,3
brauh,【靤】防教,並,去36效,開二,5
chrauh,【抄】初教,初,去36效,開二,8
qrauh,【靿】於教,影,去36效,開二,5
ngrauh,【樂】五教,疑,去36效,開二,3
zrauh,【巢】士稍,崇,去36效,開二,1
ghauh,【号】胡到,匣,去37号,開一,6
dauh,【導】徒到,定,去37号,開一,14
tauh,【到】都導,端,去37号,開一,6
kauh,【誥】古到,見,去37号,開一,7
ngauh,【傲】五到,疑,去37号,開一,8
mauh,【冃】莫報,明,去37号,開一,19
lauh,【嫪】郎到,來,去37号,開一,8
chauh,【操】七到,清,去37号,開一,7
bauh,【暴】薄報,並,去37号,開一,9
pauh,【報】博秏,幫,去37号,開一,1
zauh,【漕】在到,從,去37号,開一,2
qauh,【奧】烏到,影,去37号,開一,11
sauh,【喿】蘇到,心,去37号,開一,9
khauh,【𩝝】苦到,溪,去37号,開一,5
cauh,【竈】則到,精,去37号,開一,3
hauh,【秏】呼到,曉,去37号,開一,4
nauh,【腝】那到,泥,去37号,開一,3
kah,【箇】古賀,見,去38箇,開一,3
ghah,【賀】胡箇,匣,去38箇,開一,4
cah,【佐】則箇,精,去38箇,開一,6
tah,【跢】丁佐,端,去38箇,開一,4
lah,【邏】郎佐,來,去38箇,開一,3
khah,【坷】口箇,溪,去38箇,開一,4
ngah,【餓】五个,疑,去38箇,開一,1
dah,【䭾】唐佐,定,去38箇,開一,2
nah,【奈】奴箇,泥,去38箇,開一,2
sah,【些】蘇箇,心,去38箇,開一,1
hah,【呵】呼箇,曉,去38箇,開一,2
thah,【拖】吐邏,透,去38箇,開一,1
kuah,【過】古臥,見,去39過,合一,7
ghuah,【和】胡臥,匣,去39過,合一,3
cuah,【挫】則臥,精,去39過,合一,3
khuah,【課】苦臥,溪,去39過,合一,7
thuah,【唾】湯臥,透,去39過,合一,7
puah,【播】補過,幫,去39過,開一,5
chuah,【剉】麤臥,清,去39過,合一,3
muah,【磨】摸臥,明,去39過,開一,4
nuah,【愞】乃臥,泥,去39過,合一,4
phuah,【破】普過,滂,去39過,開一,2
zuah,【座】徂臥,從,去39過,合一,2
nguah,【臥】吾貨,疑,去39過,合一,1
chah,【諎】千過,清,去39過,開一,2
huah,【貨】呼臥,曉,去39過,合一,1
duah,【惰】徒臥,定,去39過,合一,4
buah,【縛】符臥,並,去39過,開一,1
luah,【䇔】魯過,來,去39過,合一,7
tuah,【𣑫】都唾,端,去39過,合一,5
suah,【䐝】先臥,心,去39過,合一,1
qah,【侉】安賀,影,去39過,開一,1
quah,【涴】烏臥,影,去39過,合一,1
mrah,【禡】莫駕,明,去40禡,開二,9
krah,【駕】古訝,見,去40禡,開二,12
qrah,【亞】衣嫁,影,去40禡,開二,10
hrah,【嚇】呼訝,曉,去40禡,開二,8
ngrah,【迓】吾駕,疑,去40禡,開二,6
thrah,【詫】丑亞,徹,去40禡,開二,3
trah,【吒】陟駕,知,去40禡,開二,12
crah,【詐】側駕,莊,去40禡,開二,6
zrah,【乍】鋤駕,崇,去40禡,開二,5
zsiah,【謝】辝夜,邪,去40禡,開三,3
khrah,【髂】枯駕,溪,去40禡,開二,6
ghrah,【暇】胡駕,匣,去40禡,開二,4
ziah,【褯】慈夜,從,去40禡,開三,5
jah,【夜】羊謝,以,去40禡,開三,3
chjah,【䞣】充夜,昌,去40禡,開三,2
siah,【蝑】司夜,心,去40禡,開三,4
cjah,【柘】之夜,章,去40禡,開三,7
ciah,【唶】子夜,精,去40禡,開三,2
sjah,【舍】始夜,書,去40禡,開三,5
zsjah,【射】神夜,船,去40禡,開三,4
prah,【霸】必駕,幫,去40禡,開二,7
phrah,【帊】普駕,滂,去40禡,開二,2
ghruah,【摦】胡化,匣,去40禡,合二,7
hruah,【化】呼霸,曉,去40禡,合二,6
khruah,【跨】苦化,溪,去40禡,合二,3
sruah,【誜】所化,生,去40禡,合二,2
brah,【𤝡】白駕,並,去40禡,開二,6
nrah,【䏧】乃亞,娘,去40禡,開二,2
chiah,【笡】遷謝,清,去40禡,開三,2
srah,【嗄】所嫁,生,去40禡,開二,3
kruah,【坬】古罵,見,去40禡,合二,2
drah,【䖳】除駕,澄,去40禡,開二,2
ngruah,【瓦】五化,疑,去40禡,合二,1
qruah,【攨】烏㕦,影,去40禡,合二,3
jangh,【漾】餘亮,以,去41漾,開三,12
liangh,【亮】力讓,來,去41漾,開三,15
zriangh,【狀】鋤亮,崇,去41漾,開三,1
njangh,【讓】人㨾,日,去41漾,開三,4
sjangh,【餉】式亮,書,去41漾,開三,10
triangh,【帳】知亮,知,去41漾,開三,5
thriangh,【悵】丑亮,徹,去41漾,開三,10
hiangh,【向】許亮,曉,去41漾,開三,8
driangh,【仗】直亮,澄,去41漾,開三,3
nriangh,【釀】女亮,娘,去41漾,開三,3
ziangh,【匠】疾亮,從,去41漾,開三,3
cjangh,【障】之亮,章,去41漾,開三,5
zjangh,【尚】時亮,常,去41漾,開三,4
criangh,【壯】側亮,莊,去41漾,開三,3
qiangh,【怏】於亮,影,去41漾,開三,4
giangh,【弶】其亮,群,去41漾,開三,1
chjangh,【唱】尺亮,昌,去41漾,開三,4
chriangh,【刱】初亮,初,去41漾,開三,4
ciangh,【醬】子亮,精,去41漾,開三,4
ngiangh,【𨋕】魚向,疑,去41漾,開三,2
phyangh,【訪】敷亮,滂,去41漾,合三,3
myangh,【妄】巫放,明,去41漾,合三,6
hyangh,【況】許訪,曉,去41漾,合三,4
kyangh,【誑】居況,見,去41漾,合三,4
yangh,【迋】于放,云,去41漾,合三,5
pyangh,【放】甫妄,幫,去41漾,合三,4
siangh,【相】息亮,心,去41漾,開三,1
kiangh,【彊】居亮,見,去41漾,開三,1
khiangh,【唴】丘亮,溪,去41漾,開三,3
chiangh,【蹡】七亮,清,去41漾,開三,1
gyangh,【狂】渠放,群,去41漾,合三,2
byangh,【防】符況,並,去41漾,合三,1
dangh,【宕】徒浪,定,去42宕,開一,7
langh,【浪】來宕,來,去42宕,開一,5
ghangh,【吭】下浪,匣,去42宕,開一,3
qangh,【盎】烏浪,影,去42宕,開一,2
ngangh,【枊】五浪,疑,去42宕,開一,3
cangh,【葬】則浪,精,去42宕,開一,1
bangh,【傍】蒲浪,並,去42宕,開一,2
zangh,【藏】徂浪,從,去42宕,開一,3
tangh,【譡】丁浪,端,去42宕,開一,6
khangh,【抗】苦浪,溪,去42宕,開一,12
pangh,【螃】補曠,幫,去42宕,開一,4
thangh,【儻】他浪,透,去42宕,開一,5
khuangh,【曠】苦謗,溪,去42宕,合一,5
nangh,【儾】奴浪,泥,去42宕,開一,3
sangh,【喪】蘇浪,心,去42宕,開一,2
ghuangh,【攩】乎曠,匣,去42宕,合一,4
kuangh,【桄】古曠,見,去42宕,合一,2
kangh,【鋼】古浪,見,去42宕,開一,2
huangh,【荒】呼浪,曉,去42宕,合一,1
mangh,【漭】莫浪,明,去42宕,開一,3
quangh,【汪】烏浪,影,去42宕,合一,2
qiengh,【映】於敬,影,去43映,開三,4
kiengh,【敬】居慶,見,去43映,開三,4
giengh,【競】渠敬,群,去43映,開三,7
khiengh,【慶】丘敬,溪,去43映,開三,1
krangh,【更】古孟,見,去43映,開二,1
miengh,【命】眉病,明,去43映,開三,1
biengh,【病】皮命,並,去43映,開三,4
mrangh,【孟】莫更,明,去43映,開二,4
ghruangh,【蝗】戶孟,匣,去43映,合二,3
piengh,【柄】陂病,幫,去43映,開三,6
yengh,【詠】爲命,云,去43映,合三,5
ghrangh,【行】下更,匣,去43映,開二,3
qrangh,【瀴】於孟,影,去43映,開二,1
chriengh,【㵾】楚敬,初,去43映,開三,1
trangh,【倀】猪孟,知,去43映,開二,5
thrangh,【牚】他孟,徹,去43映,開二,1
prangh,【榜】北孟,幫,去43映,開二,3
drangh,【鋥】除更,澄,去43映,開二,3
sriengh,【生】所敬,生,去43映,開三,3
ngiengh,【迎】魚敬,疑,去43映,開三,1
brangh,【膨】蒲孟,並,去43映,開二,1
hrangh,【𧨫】許更,曉,去43映,開二,1
qruangh,【𥥈】烏橫,影,去43映,合二,1
crengh,【諍】側迸,莊,去44諍,開二,1
prengh,【迸】北諍,幫,去44諍,開二,1
brengh,【𠊧】蒲迸,並,去44諍,開二,2
qrengh,【䙬】鷖迸,影,去44諍,開二,2
ngrengh,【鞕】五爭,疑,去44諍,開二,2
hruengh,【轟】呼迸,曉,去44諍,合二,2
kjengh,【勁】居正,見,去45勁,開三A,1
chiengh,【倩】七政,清,去45勁,開三A,2
cjengh,【政】之盛,章,去45勁,開三A,4
sjengh,【聖】式正,書,去45勁,開三A,1
driengh,【鄭】直正,澄,去45勁,開三B,3
thriengh,【遉】丑鄭,徹,去45勁,開三B,3
siengh,【性】息正,心,去45勁,開三A,2
liengh,【令】力政,來,去45勁,開三A,2
phjengh,【聘】匹正,滂,去45勁,開三A,3
hjyengh,【敻】休正,曉,去45勁,合三A,4
pjengh,【摒】畀政,幫,去45勁,開三A,3
bjengh,【偋】防正,並,去45勁,開三A,2
ziengh,【淨】疾政,從,去45勁,開三A,8
zjengh,【盛】承正,常,去45勁,開三A,3
mjengh,【詺】彌正,明,去45勁,開三A,1
khjengh,【輕】墟正,溪,去45勁,開三A,1
hjengh,【𣢝】許令,曉,去45勁,開三A,2
ciengh,【精】子姓,精,去45勁,開三A,1
kengh,【徑】古定,見,去46徑,開四,7
nengh,【寗】乃定,泥,去46徑,開四,4
sengh,【腥】蘇佞,心,去46徑,開四,3
ghengh,【脛】胡定,匣,去46徑,開四,2
dengh,【定】徒徑,定,去46徑,開四,4
tengh,【矴】丁定,端,去46徑,開四,9
khengh,【罄】苦定,溪,去46徑,開四,7
thengh,【聽】他定,透,去46徑,開四,3
chengh,【靘】千定,清,去46徑,開四,2
mengh,【䒌】莫定,明,去46徑,開四,2
qengh,【鎣】烏定,影,去46徑,開四,4
lengh,【零】郎定,來,去46徑,開四,3
cjingh,【證】諸應,章,去47證,開三,2
jingh,【孕】以證,以,去47證,開三,7
zsjingh,【乗】實證,船,去47證,開三,7
njingh,【認】而證,日,去47證,開三,4
qingh,【應】於證,影,去47證,開三,3
cingh,【甑】子孕,精,去47證,開三,4
hingh,【興】許應,曉,去47證,開三,3
sjingh,【勝】詩證,書,去47證,開三,4
dringh,【瞪】丈證,澄,去47證,開三,3
lingh,【𩜁】里甑,來,去47證,開三,1
bingh,【凭】皮證,並,去47證,開三,2
chjingh,【稱】昌孕,昌,去47證,開三,2
ngingh,【凝】牛𩜁,疑,去47證,開三,1
zjingh,【丞】常證,常,去47證,開三,1
thringh,【覴】丑證,徹,去47證,開三,1
gingh,【殑】其𩜁,群,去47證,開三,1
tongh,【嶝】都鄧,端,去48嶝,開一,8
zongh,【贈】昨亙,從,去48嶝,開一,2
kongh,【亘】古鄧,見,去48嶝,開一,6
chongh,【蹭】千鄧,清,去48嶝,開一,2
dongh,【鄧】徒亙,定,去48嶝,開一,6
mongh,【𢅴】武亙,明,去48嶝,開一,5
pongh,【𥦜】方隥,幫,去48嶝,開一,2
bongh,【倗】父鄧,並,去48嶝,開一,1
longh,【踜】魯鄧,來,去48嶝,開一,2
congh,【增】子鄧,精,去48嶝,開一,1
songh,【𡬙】思贈,心,去48嶝,開一,1
thongh,【𤃶】台鄧,透,去48嶝,開一,1
iuh,【宥】于救,云,去49宥,開三,16
kiuh,【救】居祐,見,去49宥,開三,11
driuh,【胄】直祐,澄,去49宥,開三,13
triuh,【晝】陟救,知,去49宥,開三,3
sjuh,【狩】舒救,書,去49宥,開三,5
chjuh,【臭】尺救,昌,去49宥,開三,2
zsiuh,【岫】似祐,邪,去49宥,開三,4
hiuh,【齅】許救,曉,去49宥,開三,3
cjuh,【呪】職救,章,去49宥,開三,4
giuh,【舊】巨救,群,去49宥,開三,3
sriuh,【𤸃】所祐,生,去49宥,開三,4
criuh,【皺】側救,莊,去49宥,開三,5
phiuh,【副】敷救,滂,去49宥,合三,7
chriuh,【簉】初救,初,去49宥,開三,3
piuh,【富】方副,幫,去49宥,合三,4
thriuh,【畜】丑救,徹,去49宥,開三,2
liuh,【溜】力救,來,去49宥,開三,19
siuh,【秀】息救,心,去49宥,開三,5
ciuh,【僦】即就,精,去49宥,開三,3
zriuh,【驟】鋤祐,崇,去49宥,開三,3
ziuh,【就】疾僦,從,去49宥,開三,4
nriuh,【糅】女救,娘,去49宥,開三,5
biuh,【復】扶富,並,去49宥,合三,8
juh,【狖】余救,以,去49宥,開三,14
zjuh,【授】承呪,常,去49宥,開三,6
njuh,【輮】人又,日,去49宥,開三,4
miuh,【莓】亡救,明,去49宥,合三,1
ngiuh,【𪖐】牛救,疑,去49宥,開三,1
khiuh,【𪖛】丘救,溪,去49宥,開三,1
chiuh,【䞭】七溜,清,去49宥,開三,1
ghuh,【𠋫】胡遘,匣,去50候,開一,15
khuh,【寇】苦候,溪,去50候,開一,10
muh,【茂】莫候,明,去50候,開一,15
phuh,【仆】匹候,滂,去50候,開一,5
duh,【豆】徒候,定,去50候,開一,16
tuh,【鬥】都豆,端,去50候,開一,9
nuh,【槈】奴豆,泥,去50候,開一,6
suh,【瘶】蘇奏,心,去50候,開一,7
cuh,【奏】則候,精,去50候,開一,2
thuh,【透】他候,透,去50候,開一,5
quh,【漚】烏候,影,去50候,開一,3
kuh,【遘】古候,見,去50候,開一,20
chuh,【輳】倉奏,清,去50候,開一,8
luh,【陋】盧候,來,去50候,開一,13
huh,【蔲】呼漏,曉,去50候,開一,10
buh,【䏽】蒲候,並,去50候,開一,2
nguh,【偶】五遘,疑,去50候,開一,1
zuh,【㔌】才奏,從,去50候,開一,3
qyh,【幼】伊謬,影,去51幼,開三,1
myh,【謬】靡幼,明,去51幼,開三,2
khyh,【䠗】丘謬,溪,去51幼,開三,1
gyh,【𧾻】巨幼,群,去51幼,開三,1
chimh,【沁】七鴆,清,去52沁,開三A,4
cimh,【浸】子鴆,精,去52沁,開三A,4
njimh,【妊】汝鴆,日,去52沁,開三A,5
drimh,【鴆】直禁,澄,去52沁,開三B,3
cjimh,【枕】之任,章,去52沁,開三A,2
gimh,【𦧈】巨禁,群,去52沁,開三B,10
kimh,【禁】居蔭,見,去52沁,開三B,3
nrimh,【賃】乃禁,娘,去52沁,開三B,1
qimh,【䕃】於禁,影,去52沁,開三B,7
srimh,【滲】所禁,生,去52沁,開三B,2
thrimh,【闖】丑禁,徹,去52沁,開三B,2
crimh,【譖】莊蔭,莊,去52沁,開三B,1
chrimh,【讖】楚譖,初,去52沁,開三B,1
ngimh,【吟】宜禁,疑,去52沁,開三B,1
trimh,【揕】知鴆,知,去52沁,開三B,2
limh,【臨】良鴆,來,去52沁,開三A,2
zjimh,【甚】時鴆,常,去52沁,開三A,2
imh,【䫴】于禁,云,去52沁,開三B,2
sjimh,【深】式禁,書,去52沁,開三A,2
khomh,【勘】苦紺,溪,去53勘,開一,7
komh,【紺】古暗,見,去53勘,開一,5
ghomh,【憾】胡紺,匣,去53勘,開一,7
qomh,【暗】烏紺,影,去53勘,開一,2
thomh,【僋】他紺,透,去53勘,開一,8
somh,【俕】蘇紺,心,去53勘,開一,4
chomh,【謲】七紺,清,去53勘,開一,3
domh,【醰】徒紺,定,去53勘,開一,5
ngomh,【儑】五紺,疑,去53勘,開一,1
tomh,【馾】丁紺,端,去53勘,開一,3
nomh,【妠】奴紺,泥,去53勘,開一,1
lomh,【𩖋】郎紺,來,去53勘,開一,3
homh,【䫲】呼紺,曉,去53勘,開一,2
comh,【篸】作紺,精,去53勘,開一,2
khamh,【闞】苦濫,溪,去54闞,開一,5
lamh,【濫】盧𣊟,來,去54闞,開一,9
thamh,【賧】吐濫,透,去54闞,開一,7
kamh,【𪉦】古蹔,見,去54闞,開一,1
hamh,【𧵊】呼濫,曉,去54闞,開一,3
ghamh,【憨】下瞰,匣,去54闞,開一,6
damh,【憺】徒濫,定,去54闞,開一,8
zamh,【暫】藏濫,從,去54闞,開一,3
tamh,【擔】都濫,端,去54闞,開一,2
samh,【三】蘇暫,心,去54闞,開一,1
jemh,【豔】以贍,以,去55豔,開三A,9
zjemh,【贍】時豔,常,去55豔,開三A,1
njemh,【染】而豔,日,去55豔,開三A,2
qjemh,【厭】於豔,影,去55豔,開三A,5
piemh,【窆】方驗,幫,去55豔,開三B,2
ngiemh,【驗】魚窆,疑,去55豔,開三B,3
sjemh,【閃】舒贍,書,去55豔,開三A,4
ciemh,【𡄑】子豔,精,去55豔,開三A,1
chiemh,【壍】七豔,清,去55豔,開三A,4
liemh,【殮】力驗,來,去55豔,開三A,7
thriemh,【覘】丑豔,徹,去55豔,開三B,2
chjemh,【䠨】昌豔,昌,去55豔,開三A,8
qiemh,【𢜰】於驗,影,去55豔,開三B,2
ziemh,【潛】慈豔,從,去55豔,開三A,1
cjemh,【占】章豔,章,去55豔,開三A,1
themh,【㮇】他念,透,去56㮇,開四,6
nemh,【念】奴店,泥,去56㮇,開四,2
temh,【店】都念,端,去56㮇,開四,11
semh,【䃸】先念,心,去56㮇,開四,2
demh,【磹】徒念,定,去56㮇,開四,2
kemh,【趝】紀念,見,去56㮇,開四,1
qemh,【酓】於念,影,去56㮇,開四,1
cemh,【僭】子念,精,去56㮇,開四,1
zemh,【䁮】漸念,從,去56㮇,開四,3
khemh,【傔】苦念,溪,去56㮇,開四,1
lemh,【稴】力店,來,去56㮇,開四,1
ngiamh,【釅】魚欠,疑,去57釅,開三,2
hiamh,【脅】許欠,曉,去57釅,開三,2
khiamh,【㪁】丘釅,溪,去57釅,開三,2
myamh,【𦲯】亡劒,明,去57釅,合三,1
ghremh,【陷】戶韽,匣,去58陷,開二,5
qremh,【韽】於陷,影,去58陷,開二,4
cremh,【蘸】莊陷,莊,去58陷,開二,1
tremh,【𪉜】陟陷,知,去58陷,開二,3
khremh,【歉】口陷,溪,去58陷,開二,2
dremh,【𧸖】佇陷,澄,去58陷,開二,3
zremh,【儳】仕陷,崇,去58陷,開二,3
kremh,【𪉦】公陷,見,去58陷,開二,2
nremh,【諵】尼𧸖,娘,去58陷,開二,1
ngremh,【顑】玉陷,疑,去58陷,開二,1
kramh,【鑑】格懺,見,去59鑑,開二,5
chramh,【懺】楚鑒,初,去59鑑,開二,6
cramh,【覱】子鑑,莊,去59鑑,開二,3
sramh,【釤】所鑑,生,去59鑑,開二,3
hramh,【㒈】許鑑,曉,去59鑑,開二,3
bramh,【埿】蒲鑑,並,去59鑑,開二,2
ghramh,【㽉】胡懺,匣,去59鑑,開二,2
zramh,【鑱】士懺,崇,去59鑑,開二,6
qramh,【𪒠】,影,去59鑑,開二,1
byamh,【梵】扶泛,並,去60梵,合三,3
phyamh,【汎】孚梵,滂,去60梵,合三,8
kiamh,【劒】居欠,見,去60梵,開三,3
qiamh,【俺】於劒,影,去60梵,開三,8
quk,【屋】烏谷,影,入01屋,開一,7
duk,【獨】徒谷,定,入01屋,開一,30
kuk,【穀】古祿,見,入01屋,開一,17
ghuk,【縠】胡谷,匣,入01屋,開一,14
khuk,【哭】空谷,溪,入01屋,開一,8
thuk,【禿】他谷,透,入01屋,開一,5
tuk,【豰】丁木,端,入01屋,開一,8
suk,【速】桑谷,心,入01屋,開一,18
luk,【禄】盧谷,來,入01屋,開一,47
huk,【嗀】呼木,曉,入01屋,開一,7
zuk,【族】昨木,從,入01屋,開一,3
chuk,【瘯】千木,清,入01屋,開一,6
cuk,【鏃】作木,精,入01屋,開一,2
buk,【暴】蒲木,並,入01屋,開一,12
phuk,【扑】普木,滂,入01屋,開一,11
puk,【卜】博木,幫,入01屋,開一,14
muk,【木】莫卜,明,入01屋,開一,13
piuk,【福】方六,幫,入01屋,合三,17
biuk,【伏】房六,並,入01屋,合三,33
sriuk,【縮】所六,生,入01屋,開三,13
liuk,【六】力竹,來,入01屋,開三,22
driuk,【逐】直六,澄,入01屋,開三,12
kiuk,【菊】居六,見,入01屋,開三,33
khiuk,【麴】驅匊,溪,入01屋,開三,5
zjuk,【熟】殊六,常,入01屋,開三,8
chjuk,【俶】昌六,昌,入01屋,開三,5
juk,【育】余六,以,入01屋,開三,24
giuk,【驧】渠竹,群,入01屋,開三,12
chiuk,【鼀】七宿,清,入01屋,開三,3
njuk,【肉】如六,日,入01屋,開三,3
cjuk,【粥】之六,章,入01屋,開三,5
sjuk,【叔】式竹,書,入01屋,開三,13
hiuk,【蓄】許竹,曉,入01屋,開三,10
triuk,【竹】張六,知,入01屋,開三,6
ciuk,【蹙】子六,精,入01屋,開三,17
chriuk,【珿】初六,初,入01屋,開三,6
nriuk,【肭】女六,娘,入01屋,開三,8
criuk,【縬】側六,莊,入01屋,開三,2
phiuk,【蝮】芳福,滂,入01屋,合三,8
qiuk,【郁】於六,影,入01屋,開三,20
siuk,【肅】息逐,心,入01屋,開三,23
miuk,【目】莫六,明,入01屋,合三,11
iuk,【囿】于六,云,入01屋,開三,2
thriuk,【蓄】丑六,徹,入01屋,開三,10
ngiuk,【砡】魚菊,疑,入01屋,開三,1
ziuk,【𣤶】才六,從,入01屋,開三,1
quuk,【沃】烏酷,影,入02沃,合一,7
duuk,【毒】徒沃,定,入02沃,合一,8
tuuk,【篤】冬毒,端,入02沃,合一,11
khuuk,【酷】苦沃,溪,入02沃,合一,6
ghuuk,【鵠】胡沃,匣,入02沃,合一,8
buuk,【僕】蒲沃,並,入02沃,合一,6
suuk,【洬】先篤,心,入02沃,合一,2
kuuk,【梏】古沃,見,入02沃,合一,9
muuk,【瑁】莫沃,明,入02沃,合一,5
huuk,【熇】火酷,曉,入02沃,合一,4
nuuk,【褥】內沃,泥,入02沃,合一,4
cuuk,【傶】將毒,精,入02沃,合一,3
puuk,【襮】博沃,幫,入02沃,合一,3
luuk,【濼】盧毒,來,入02沃,合一,1
nguuk,【𤛹】五沃,疑,入02沃,合一,1
cjyuk,【燭】之欲,章,入03燭,開三,13
ngyuk,【玉】魚欲,疑,入03燭,開三,4
hyuk,【旭】許玉,曉,入03燭,開三,5
kyuk,【輂】居玉,見,入03燭,開三,12
gyuk,【局】渠玉,群,入03燭,開三,5
zjyuk,【蜀】市玉,常,入03燭,開三,12
chjyuk,【觸】尺玉,昌,入03燭,開三,4
njyuk,【辱】而蜀,日,入03燭,開三,11
sjyuk,【束】書玉,書,入03燭,開三,2
jyuk,【欲】余蜀,以,入03燭,開三,9
dryuk,【躅】直錄,澄,入03燭,開三,3
lyuk,【録】力玉,來,入03燭,開三,17
khyuk,【曲】丘玉,溪,入03燭,開三,4
tryuk,【瘃】陟玉,知,入03燭,開三,7
cyuk,【足】即玉,精,入03燭,開三,2
zsjyuk,【贖】神蜀,船,入03燭,開三,3
byuk,【幞】房玉,並,入03燭,合三,2
chyuk,【促】七玉,清,入03燭,開三,6
zsyuk,【續】似足,邪,入03燭,開三,4
syuk,【粟】相玉,心,入03燭,開三,7
pyuk,【䪁】封曲,幫,入03燭,合三,1
thryuk,【梀】丑玉,徹,入03燭,開三,7
kruk,【覺】古岳,見,入04覺,開二,18
ngruk,【嶽】五角,疑,入04覺,開二,8
zruk,【浞】士角,崇,入04覺,開二,12
cruk,【捉】側角,莊,入04覺,開二,7
sruk,【朔】所角,生,入04覺,開二,12
truk,【斲】竹角,知,入04覺,開二,19
pruk,【剥】北角,幫,入04覺,開二,14
mruk,【邈】莫角,明,入04覺,開二,9
bruk,【雹】蒲角,並,入04覺,開二,20
phruk,【璞】匹角,滂,入04覺,開二,15
khruk,【㱿】苦角,溪,入04覺,開二,18
druk,【濁】直角,澄,入04覺,開二,16
qruk,【渥】於角,影,入04覺,開二,17
nruk,【搦】女角,娘,入04覺,開二,6
thruk,【逴】敕角,徹,入04覺,開二,5
lruk,【犖】呂角,來,入04覺,開二,3
ghruk,【學】胡覺,匣,入04覺,開二,9
hruk,【㕰】許角,曉,入04覺,開二,10
chruk,【娖】測角,初,入04覺,開二,8
cjit,【質】之日,章,入05質,開三A,15
njit,【日】人質,日,入05質,開三A,5
zsjit,【實】神質,船,入05質,開三A,1
drit,【秩】直一,澄,入05質,開三B,12
sit,【悉】息七,心,入05質,開三A,9
qjit,【一】於悉,影,入05質,開三A,3
chit,【七】親吉,清,入05質,開三A,9
phjit,【匹】譬吉,滂,入05質,開三A,4
kjit,【吉】居質,見,入05質,開三A,8
nrit,【暱】尼質,娘,入05質,開三B,7
jit,【逸】夷質,以,入05質,開三A,12
khjit,【詰】去吉,溪,入05質,開三A,4
hjit,【欯】許吉,曉,入05質,開三A,5
thrit,【抶】丑栗,徹,入05質,開三B,4
lit,【栗】力質,來,入05質,開三A,19
trit,【窒】陟栗,知,入05質,開三B,12
zit,【疾】秦悉,從,入05質,開三A,11
chrit,【㓼】初栗,初,入05質,開三B,4
sjit,【失】式質,書,入05質,開三A,3
cit,【堲】資悉,精,入05質,開三A,8
mjit,【蜜】彌畢,明,入05質,開三A,9
pjit,【必】卑吉,幫,入05質,開三A,27
git,【姞】巨乙,群,入05質,開三B,5
bjit,【邲】毗必,並,入05質,開三A,21
yt,【䫻】于筆,云,入05質,合三B,5
sryt,【率】所律,生,入05質,合三B,10
chjit,【叱】昌栗,昌,入05質,開三A,1
zrit,【𪗨】仕叱,崇,入05質,開三B,1
mit,【密】美筆,明,入05質,開三B,10
bit,【弼】房密,並,入05質,開三B,10
qit,【乙】於筆,影,入05質,開三B,3
ngit,【耴】魚乙,疑,入05質,開三B,7
pit,【筆】鄙密,幫,入05質,開三B,9
tryt,【茁】徵筆,知,入05質,合三B,1
hit,【肸】羲乙,曉,入05質,開三B,1
kit,【曁】居乙,見,入05質,開三B,2
hjyt,【獝】況必,曉,入05質,合三A,1
zsjyt,【術】食聿,船,入06術,合三A,11
kjyt,【橘】居聿,見,入06術,合三A,8
zyt,【崒】慈卹,從,入06術,合三A,4
jyt,【聿】餘律,以,入06術,合三A,21
cyt,【卒】子聿,精,入06術,合三A,5
syt,【䘏】辛聿,心,入06術,合三A,15
lyt,【律】呂卹,來,入06術,合三A,8
thryt,【黜】丑律,徹,入06術,合三B,16
dryt,【朮】直律,澄,入06術,合三B,3
chjyt,【出】赤律,昌,入06術,合三A,1
chyt,【焌】倉聿,清,入06術,合三A,1
cryt,【𠭴】側律,莊,入06術,合三B,6
crit,【櫛】阻瑟,莊,入07櫛,開三,6
srit,【瑟】所櫛,生,入07櫛,開三,7
myot,【物】文弗,明,入08物,合三,9
pyot,【弗】分勿,幫,入08物,合三,20
qyot,【鬱】紆物,影,入08物,合三,12
kyot,【𠀔】九勿,見,入08物,合三,10
khyot,【屈】區勿,溪,入08物,合三,3
gyot,【倔】衢物,群,入08物,合三,9
byot,【佛】符弗,並,入08物,合三,9
hyot,【䬍】許勿,曉,入08物,合三,6
yot,【䬑】王勿,云,入08物,合三,6
phyot,【拂】敷勿,滂,入08物,合三,12
ngyot,【崛】魚勿,疑,入08物,合三,1
hiot,【迄】許訖,曉,入09迄,開三,9
kiot,【訖】居乞,見,入09迄,開三,5
ngiot,【疙】魚迄,疑,入09迄,開三,5
giot,【䞘】其迄,群,入09迄,開三,2
khiot,【乞】去訖,溪,入09迄,開三,3
ngyat,【月】魚厥,疑,入10月,合三,11
byat,【伐】房越,並,入10月,合三,14
yat,【越】王伐,云,入10月,合三,16
kyat,【厥】居月,見,入10月,合三,19
qyat,【𡡕】於月,影,入10月,合三,4
gyat,【𧤼】其月,群,入10月,合三,13
khyat,【闕】去月,溪,入10月,合三,3
pyat,【髮】方伐,幫,入10月,合三,6
myat,【韤】望發,明,入10月,合三,5
hyat,【䬂】許月,曉,入10月,合三,6
qiat,【謁】於歇,影,入10月,開三,5
hiat,【歇】許竭,曉,入10月,開三,5
kiat,【訐】居竭,見,入10月,開三,6
giat,【𢷒】其謁,群,入10月,開三,5
phyat,【㤄】拂伐,滂,入10月,合三,1
ngiat,【钀】語訐,疑,入10月,開三,1
muot,【沒】莫勃,明,入11沒,合一,6
thuot,【𣅝】土骨,透,入11沒,合一,1
kuot,【骨】古忽,見,入11沒,合一,16
buot,【勃】蒲沒,並,入11沒,合一,23
tuot,【咄】當沒,端,入11沒,合一,10
duot,【突】陀骨,定,入11沒,合一,14
quot,【𩑦】烏沒,影,入11沒,合一,9
huot,【忽】呼骨,曉,入11沒,合一,17
nguot,【兀】五忽,疑,入11沒,合一,16
phuot,【䪬】普沒,滂,入11沒,合一,5
luot,【𠀽】勒沒,來,入11沒,合一,5
khuot,【窟】苦骨,溪,入11沒,合一,15
nuot,【訥】內骨,泥,入11沒,合一,5
suot,【窣】蘇骨,心,入11沒,合一,7
chuot,【猝】倉沒,清,入11沒,合一,5
zuot,【捽】昨沒,從,入11沒,合一,6
ghot,【麧】下沒,匣,入11沒,開一,5
ghuot,【搰】戶骨,匣,入11沒,合一,10
cuot,【卒】臧沒,精,入11沒,合一,3
ghat,【曷】胡葛,匣,入12曷,開一,11
hat,【䫘】許葛,曉,入12曷,開一,8
tat,【怛】當割,端,入12曷,開一,10
that,【闥】他達,透,入12曷,開一,13
qat,【遏】烏葛,影,入12曷,開一,11
lat,【剌】盧達,來,入12曷,開一,16
khat,【渴】苦曷,溪,入12曷,開一,8
dat,【達】唐割,定,入12曷,開一,2
zat,【巀】才割,從,入12曷,開一,4
ngat,【嶭】五割,疑,入12曷,開一,13
kat,【葛】古達,見,入12曷,開一,10
sat,【躠】桑割,心,入12曷,開一,9
chat,【攃】七曷,清,入12曷,開一,3
nat,【捺】奴曷,泥,入12曷,開一,3
jat,【䔾】予割,以,入12曷,開三,1
muat,【末】莫撥,明,入13末,開一,27
nguat,【枂】五活,疑,入13末,合一,1
zuat,【柮】藏活,從,入13末,合一,1
puat,【撥】北末,幫,入13末,開一,16
cat,【𩯳】姊末,精,入13末,開一,6
kuat,【括】古活,見,入13末,合一,21
khuat,【闊】苦栝,溪,入13末,合一,6
ghuat,【活】戶括,匣,入13末,合一,8
duat,【奪】徒活,定,入13末,合一,8
huat,【豁】呼括,曉,入13末,合一,8
quat,【斡】烏括,影,入13末,合一,9
cuat,【繓】子括,精,入13末,合一,3
phuat,【鏺】普活,滂,入13末,開一,13
thuat,【侻】他括,透,入13末,合一,5
luat,【捋】郎括,來,入13末,合一,5
tuat,【掇】丁括,端,入13末,合一,8
chuat,【撮】倉括,清,入13末,合一,2
buat,【跋】蒲撥,並,入13末,開一,25
ghret,【黠】胡八,匣,入14黠,開二,4
cret,【札】側八,莊,入14黠,開二,6
bret,【拔】蒲八,並,入14黠,開二,3
khret,【𤫶】恪八,溪,入14黠,開二,12
ghruet,【滑】戶八,匣,入14黠,合二,8
pret,【八】博拔,幫,入14黠,開二,10
truet,【窡】丁滑,知,入14黠,合二,5
qruet,【婠】烏八,影,入14黠,合二,6
nruet,【豽】女滑,娘,入14黠,合二,4
chret,【𪙻】初八,初,入14黠,開二,7
kruet,【劀】古滑,見,入14黠,合二,3
kret,【戛】古黠,見,入14黠,開二,18
qret,【軋】烏黠,影,入14黠,開二,10
sret,【殺】所八,生,入14黠,開二,7
mret,【㑻】莫八,明,入14黠,開二,7
hruet,【傄】呼八,曉,入14黠,合二,2
nret,【痆】女黠,娘,入14黠,開二,3
ngruet,【𦤙】五滑,疑,入14黠,合二,3
khruet,【䯇】口滑,溪,入14黠,合二,1
phret,【汃】普八,滂,入14黠,開二,4
cruet,【茁】鄒滑,莊,入14黠,合二,1
ghrat,【鎋】胡瞎,匣,入15鎋,開二,15
qrat,【𪆰】乙鎋,影,入15鎋,開二,5
ngrat,【齾】五鎋,疑,入15鎋,開二,4
chrat,【刹】初鎋,初,入15鎋,開二,2
khrat,【𥴭】枯鎋,溪,入15鎋,開二,4
hrat,【瞎】許鎋,曉,入15鎋,開二,4
thrat,【獺】他鎋,徹,入15鎋,開二,1
kruat,【刮】古䫄,見,入15鎋,合二,5
ghruat,【頢】下刮,匣,入15鎋,合二,7
thruat,【䫄】丑刮,徹,入15鎋,合二,2
truat,【鵽】丁刮,知,入15鎋,合二,3
sruat,【刷】數刮,生,入15鎋,合二,1
ngruat,【刖】五刮,疑,入15鎋,合二,4
chruat,【䵵】初刮,初,入15鎋,合二,2
mrat,【𥗥】莫鎋,明,入15鎋,開二,4
nruat,【妠】女刮,娘,入15鎋,合二,3
prat,【捌】百鎋,幫,入15鎋,開二,2
krat,【𪈟】古鎋,見,入15鎋,開二,4
zrat,【𨰉】查鎋,崇,入15鎋,開二,3
trat,【哳】陟鎋,知,入15鎋,開二,4
njrat,【𩭿】而轄,日,入15鎋,開三,1
set,【屑】先結,心,入16屑,開四,12
chet,【切】千結,清,入16屑,開四,8
ket,【結】古屑,見,入16屑,開四,15
cet,【節】子結,精,入16屑,開四,13
huet,【血】呼決,曉,入16屑,合四,12
khuet,【闋】苦穴,溪,入16屑,合四,4
kuet,【玦】古穴,見,入16屑,合四,25
ghuet,【穴】胡決,匣,入16屑,合四,4
quet,【抉】於決,影,入16屑,合四,6
det,【姪】徒結,定,入16屑,開四,35
thet,【鐵】他結,透,入16屑,開四,8
ghet,【纈】胡結,匣,入16屑,開四,21
net,【涅】奴結,泥,入16屑,開四,12
zet,【𢧵】昨結,從,入16屑,開四,7
nget,【齧】五結,疑,入16屑,開四,13
met,【蔑】莫結,明,入16屑,開四,23
pet,【㢼】方結,幫,入16屑,開四,9
qet,【噎】烏結,影,入16屑,開四,6
khet,【猰】苦結,溪,入16屑,開四,9
het,【𡘐】虎結,曉,入16屑,開四,6
phet,【撆】普蔑,滂,入16屑,開四,10
bet,【蹩】蒲結,並,入16屑,開四,14
tet,【窒】丁結,端,入16屑,開四,7
let,【𥸸】練結,來,入16屑,開四,7
siet,【薛】私列,心,入17薛,開三A,19
liet,【列】良辥,來,入17薛,開三A,20
triet,【哲】陟列,知,入17薛,開三B,5
giet,【傑】渠列,群,入17薛,開三B,14
njet,【熱】如列,日,入17薛,開三A,2
cjet,【晢】旨熱,章,入17薛,開三A,9
zsjet,【舌】食列,船,入17薛,開三A,4
zjet,【折】常列,常,入17薛,開三A,1
ngiet,【孼】魚列,疑,入17薛,開三B,12
mjet,【滅】亡列,明,入17薛,開三A,2
khiet,【朅】丘竭,溪,入17薛,開三B,5
pjet,【鷩】并列,幫,入17薛,開三A,7
zyet,【絕】情雪,從,入17薛,合三A,1
cyet,【蕝】子悅,精,入17薛,合三A,3
syet,【雪】相絕,心,入17薛,合三A,4
thryet,【𤿫】丑悅,徹,入17薛,合三B,1
jyet,【悅】弋雪,以,入17薛,合三A,7
khjyet,【缺】傾雪,溪,入17薛,合三A,2
qyet,【噦】乙劣,影,入17薛,合三B,1
njyet,【𤑔】如劣,日,入17薛,合三A,5
sjyet,【說】失爇,書,入17薛,合三A,1
cjyet,【拙】職悅,章,入17薛,合三A,11
chjyet,【歠】昌悅,昌,入17薛,合三A,2
tryet,【輟】陟劣,知,入17薛,合三B,15
lyet,【劣】力輟,來,入17薛,合三A,13
phjet,【瞥】芳滅,滂,入17薛,開三A,4
biet,【別】皮列,並,入17薛,開三B,2
driet,【轍】直列,澄,入17薛,開三B,5
piet,【䇷】方別,幫,入17薛,開三B,5
sryet,【㕞】所劣,生,入17薛,合三B,4
kjet,【𡤼】居列,見,入17薛,開三A,6
sjet,【設】識列,書,入17薛,開三A,2
nryet,【吶】女劣,娘,入17薛,合三B,1
hjyet,【𥄎】許劣,曉,入17薛,合三A,6
qjyet,【妜】於悅,影,入17薛,合三A,1
kyet,【蹶】紀劣,見,入17薛,合三B,5
cryet,【茁】側劣,莊,入17薛,合三B,2
chyet,【膬】七絕,清,入17薛,合三A,4
ciet,【蠽】姊列,精,入17薛,開三A,8
sriet,【榝】山列,生,入17薛,開三B,1
qiet,【焆】於列,影,入17薛,開三B,2
thriet,【屮】丑列,徹,入17薛,開三B,7
hiet,【娎】許列,曉,入17薛,開三B,2
zjyet,【啜】殊雪,常,入17薛,合三A,1
chryet,【㔍】廁別,初,入17薛,合三B,1
zsyet,【㿱】寺絕,邪,入17薛,合三A,2
chjet,【掣】昌列,昌,入17薛,開三A,2
jet,【抴】羊列,以,入17薛,開三A,1
zriet,【𨵊】士列,崇,入17薛,開三B,1
jak,【藥】以灼,以,入18藥,開三,31
liak,【略】離灼,來,入18藥,開三,9
kiak,【腳】居勺,見,入18藥,開三,5
cjak,【灼】之若,章,入18藥,開三,16
sjak,【爍】書藥,書,入18藥,開三,7
njak,【若】而灼,日,入18藥,開三,11
chjak,【綽】昌約,昌,入18藥,開三,4
qiak,【約】於略,影,入18藥,開三,2
khiak,【卻】去約,溪,入18藥,開三,4
ngiak,【虐】魚約,疑,入18藥,開三,3
zjak,【妁】市若,常,入18藥,開三,6
thriak,【㲋】丑略,徹,入18藥,開三,6
siak,【削】息約,心,入18藥,開三,1
criak,【斮】側略,莊,入18藥,開三,1
ciak,【爵】即略,精,入18藥,開三,7
ziak,【皭】在爵,從,入18藥,開三,3
chiak,【鵲】七雀,清,入18藥,開三,10
giak,【噱】其虐,群,入18藥,開三,9
qyak,【嬳】憂縛,影,入18藥,合三,4
byak,【縛】符钁,並,入18藥,合三,1
hyak,【䂄】許縛,曉,入18藥,合三,4
yak,【籰】王縛,云,入18藥,合三,5
kyak,【玃】居縛,見,入18藥,合三,11
triak,【芍】張略,知,入18藥,開三,7
driak,【著】直略,澄,入18藥,開三,1
khyak,【躩】丘縛,溪,入18藥,合三,2
gyak,【戄】具籰,群,入18藥,合三,5
nriak,【逽】女略,娘,入18藥,開三,3
phyak,【𩅿】孚縛,滂,入18藥,合三,1
hiak,【謔】虛約,曉,入18藥,開三,1
dak,【鐸】徒落,定,入19鐸,開一,15
mak,【莫】慕各,明,入19鐸,開一,16
lak,【落】盧各,來,入19鐸,開一,34
thak,【託】他各,透,入19鐸,開一,18
cak,【作】則落,精,入19鐸,開一,6
chak,【錯】倉各,清,入19鐸,開一,7
kak,【各】古落,見,入19鐸,開一,5
khak,【恪】苦各,溪,入19鐸,開一,3
ngak,【咢】五各,疑,入19鐸,開一,25
phak,【𩔈】匹各,滂,入19鐸,開一,15
qak,【惡】烏各,影,入19鐸,開一,4
bak,【泊】傍各,並,入19鐸,開一,11
hak,【𦞦】呵各,曉,入19鐸,開一,11
sak,【索】蘇各,心,入19鐸,開一,6
ghak,【涸】下各,匣,入19鐸,開一,11
zak,【昨】在各,從,入19鐸,開一,20
pak,【博】補各,幫,入19鐸,開一,20
nak,【諾】奴各,泥,入19鐸,開一,1
huak,【霍】虛郭,曉,入19鐸,合一,12
kuak,【郭】古博,見,入19鐸,合一,10
quak,【雘】烏郭,影,入19鐸,合一,6
ghuak,【穫】胡郭,匣,入19鐸,合一,10
khuak,【廓】苦郭,溪,入19鐸,合一,6
nguak,【瓁】五郭,疑,入19鐸,合一,1
luak,【硦】盧穫,來,入19鐸,合一,1
cuak,【㘀】祖郭,精,入19鐸,合一,1
mrak,【陌】莫白,明,入20陌,開二,18
trak,【磔】陟格,知,入20陌,開二,11
brak,【白】傍陌,並,入20陌,開二,5
prak,【伯】博陌,幫,入20陌,開二,8
giek,【劇】奇逆,群,入20陌,開三,6
kiek,【戟】几劇,見,入20陌,開三,8
sriek,【𡩡】山戟,生,入20陌,開三,6
chriek,【柵】測戟,初,入20陌,開三,3
ghruak,【嚄】胡伯,匣,入20陌,合二,2
crak,【嘖】側伯,莊,入20陌,開二,8
zrak,【齚】鋤陌,崇,入20陌,開二,5
khiek,【隙】綺戟,溪,入20陌,開三,7
ngrak,【額】五陌,疑,入20陌,開二,6
ngiek,【逆】宜戟,疑,入20陌,開三,6
khrak,【客】苦格,溪,入20陌,開二,4
qrak,【啞】烏格,影,入20陌,開二,2
hiek,【虩】許郤,曉,入20陌,開三,1
thrak,【𡍩】丑格,徹,入20陌,開二,6
qruak,【䪝】乙白,影,入20陌,合二,1
phrak,【拍】普伯,滂,入20陌,開二,10
hrak,【赫】呼格,曉,入20陌,開二,5
ghrak,【垎】胡格,匣,入20陌,開二,4
krak,【格】古伯,見,入20陌,開二,14
hruak,【謋】虎伯,曉,入20陌,合二,8
drak,【宅】場伯,澄,入20陌,開二,13
kruak,【虢】古伯,見,入20陌,合二,10
nrak,【蹃】女白,娘,入20陌,開二,2
khruak,【𧍕】丘擭,溪,入20陌,合二,2
biek,【欂】弼戟,並,入20陌,開三,2
mrek,【麥】莫獲,明,入21麥,開二,9
ghruek,【獲】胡麥,匣,入21麥,合二,8
kruek,【蟈】古獲,見,入21麥,合二,16
prek,【檗】博厄,幫,入21麥,開二,5
brek,【䌟】蒲革,並,入21麥,開二,4
zrek,【賾】士革,崇,入21麥,開二,7
crek,【責】側革,莊,入21麥,開二,11
zruek,【䞰】查獲,崇,入21麥,合二,2
chrek,【策】楚革,初,入21麥,開二,14
khrek,【礊】楷革,溪,入21麥,開二,6
hruek,【剨】呼麥,曉,入21麥,合二,21
ghrek,【覈】下革,匣,入21麥,開二,9
krek,【隔】古核,見,入21麥,開二,16
trek,【摘】陟革,知,入21麥,開二,9
qrek,【戹】於革,影,入21麥,開二,14
srek,【梀】山責,生,入21麥,開二,14
phrek,【𢶉】普麥,滂,入21麥,開二,2
ngrek,【虉】五革,疑,入21麥,開二,4
lrek,【礐】力摘,來,入21麥,開二,2
cruek,【㩇】簪摑,莊,入21麥,合二,1
sruek,【𢷾】砂獲,生,入21麥,合二,1
gruek,【𧾛】求獲,群,入21麥,合二,1
nrek,【疒】尼戹,娘,入21麥,開二,3
siek,【昔】思積,心,入22昔,開三A,14
ciek,【積】資昔,精,入22昔,開三A,18
qjek,【益】伊昔,影,入22昔,開三A,8
jek,【繹】羊益,以,入22昔,開三A,33
sjek,【釋】施隻,書,入22昔,開三A,16
chjek,【尺】昌石,昌,入22昔,開三A,11
zjek,【石】常隻,常,入22昔,開三A,7
cjek,【隻】之石,章,入22昔,開三A,13
driek,【擲】直炙,澄,入22昔,開三B,7
chiek,【皵】七迹,清,入22昔,開三A,8
zsiek,【席】祥易,邪,入22昔,開三A,6
ziek,【籍】秦昔,從,入22昔,開三A,13
bjek,【擗】房益,並,入22昔,開三A,9
jyek,【役】營隻,以,入22昔,合三A,12
hjyek,【瞁】許役,曉,入22昔,合三A,2
pjek,【辟】必益,幫,入22昔,開三A,7
phjek,【僻】芳辟,滂,入22昔,開三A,4
zsjek,【麝】食亦,船,入22昔,開三A,2
piek,【碧】彼役,幫,入22昔,開三B,1
triek,【𪐏】竹益,知,入22昔,開三B,1
thriek,【彳】丑亦,徹,入22昔,開三B,2
cjyek,【𦳮】之役,章,入22昔,合三A,1
chyek,【𥄎】七役,清,入22昔,合三A,2
sek,【錫】先擊,心,入23錫,開四,13
kek,【激】古歷,見,入23錫,開四,9
phek,【霹】普擊,滂,入23錫,開四,7
lek,【靂】郎擊,來,入23錫,開四,45
tek,【的】都歷,端,入23錫,開四,26
ghek,【檄】胡狄,匣,入23錫,開四,8
ngek,【鷁】五歷,疑,入23錫,開四,5
dek,【荻】徒歷,定,入23錫,開四,29
thek,【逖】他歷,透,入23錫,開四,21
cek,【績】則歷,精,入23錫,開四,4
khek,【燩】苦擊,溪,入23錫,開四,9
nek,【惄】奴歷,泥,入23錫,開四,4
zek,【寂】前歷,從,入23錫,開四,5
mek,【覓】莫狄,明,入23錫,開四,23
bek,【甓】扶歷,並,入23錫,開四,4
pek,【壁】北激,幫,入23錫,開四,6
khuek,【闃】苦鶪,溪,入23錫,合四,2
kuek,【郹】古闃,見,入23錫,合四,7
chek,【戚】倉歷,清,入23錫,開四,11
hek,【赥】許激,曉,入23錫,開四,9
huek,【𥍟】呼狊,曉,入23錫,合四,9
cjik,【職】之翼,章,入24職,開三,9
drik,【直】除力,澄,入24職,開三,4
lik,【力】林直,來,入24職,開三,9
thrik,【敕】恥力,徹,入24職,開三,14
trik,【陟】竹力,知,入24職,開三,2
zsjik,【食】乘力,船,入24職,開三,2
sik,【息】相即,心,入24職,開三,11
zjik,【寔】常職,常,入24職,開三,8
sjik,【識】賞職,書,入24職,開三,10
hik,【赩】許極,曉,入24職,開三,5
zrik,【崱】士力,崇,入24職,開三,4
gik,【極】渠力,群,入24職,開三,1
nrik,【匿】女力,娘,入24職,開三,6
chrik,【測】初力,初,入24職,開三,6
qik,【憶】於力,影,入24職,開三,17
srik,【色】所力,生,入24職,開三,15
khik,【䩯】丘力,溪,入24職,開三,1
kik,【殛】紀力,見,入24職,開三,11
jik,【弋】與職,以,入24職,開三,34
cik,【即】子力,精,入24職,開三,16
pik,【逼】彼側,幫,入24職,開三,10
yk,【域】雨逼,云,入24職,合三,14
hyk,【洫】況逼,曉,入24職,合三,14
phik,【堛】芳逼,滂,入24職,開三,13
crik,【稄】阻力,莊,入24職,開三,11
bik,【愎】符逼,並,入24職,開三,8
ngik,【嶷】魚力,疑,入24職,開三,5
zik,【堲】秦力,從,入24職,開三,6
mik,【䁇】亡逼,明,入24職,開三,1
chjik,【瀷】昌力,昌,入24職,開三,2
tok,【德】多則,端,入25德,開一,9
cok,【則】子德,精,入25德,開一,3
lok,【勒】盧則,來,入25德,開一,12
thok,【忒】他德,透,入25德,開一,6
khok,【刻】苦得,溪,入25德,開一,5
dok,【特】徒得,定,入25德,開一,9
hok,【黑】呼北,曉,入25德,開一,3
mok,【墨】莫北,明,入25德,開一,12
zok,【賊】昨則,從,入25德,開一,7
sok,【塞】蘇則,心,入25德,開一,5
pok,【北】博墨,幫,入25德,開一,2
bok,【菔】蒲北,並,入25德,開一,13
ghuok,【或】胡國,匣,入25德,合一,5
kuok,【國】古或,見,入25德,合一,1
qok,【餩】愛黑,影,入25德,開一,2
ghok,【劾】胡得,匣,入25德,開一,1
nok,【䘅】奴勒,泥,入25德,開一,3
kok,【裓】古得,見,入25德,開一,3
chok,【墄】七則,清,入25德,開一,1
phok,【覆】匹北,滂,入25德,開一,3
huok,【𢃤】呼或,曉,入25德,合一,2
chip,【緝】七入,清,入26緝,開三A,6
zjip,【十】是執,常,入26緝,開三A,4
cjip,【執】之入,章,入26緝,開三A,6
zsip,【習】似入,邪,入26緝,開三A,13
zip,【集】秦入,從,入26緝,開三A,9
njip,【入】人執,日,入26緝,開三A,2
qjip,【揖】伊入,影,入26緝,開三A,2
sjip,【溼】失入,書,入26緝,開三A,3
cip,【㗱】子入,精,入26緝,開三A,11
gip,【及】其立,群,入26緝,開三B,7
drip,【蟄】直立,澄,入26緝,開三B,6
trip,【縶】陟立,知,入26緝,開三B,4
lip,【立】力入,來,入26緝,開三A,9
kip,【急】居立,見,入26緝,開三B,11
ngip,【岌】魚及,疑,入26緝,開三B,2
khip,【泣】去急,溪,入26緝,開三B,3
sip,【𩎕】先立,心,入26緝,開三A,5
srip,【歰】色立,生,入26緝,開三B,8
hip,【吸】許及,曉,入26緝,開三B,12
crip,【戢】阻立,莊,入26緝,開三B,9
qip,【邑】於汲,影,入26緝,開三B,8
thrip,【湁】丑入,徹,入26緝,開三B,3
ip,【煜】爲立,云,入26緝,開三B,4
jip,【熠】羊入,以,入26緝,開三A,2
nrip,【孨】尼立,娘,入26緝,開三B,5
zrip,【霵】仕戢,崇,入26緝,開三B,2
bip,【𩾳】皮及,並,入26緝,開三B,1
pip,【鵖】彼及,幫,入26緝,開三B,2
chrip,【㞚】初戢,初,入26緝,開三B,4
chjip,【卙】昌汁,昌,入26緝,開三A,1
ghop,【合】侯閤,匣,入27合,開一,11
kop,【閤】古沓,見,入27合,開一,19
top,【答】都合,端,入27合,開一,12
sop,【趿】蘇合,心,入27合,開一,11
dop,【沓】徒合,定,入27合,開一,18
thop,【錔】他合,透,入27合,開一,22
zop,【雜】徂合,從,入27合,開一,7
cop,【帀】子荅,精,入27合,開一,10
lop,【拉】盧合,來,入27合,開一,11
nop,【納】奴荅,泥,入27合,開一,8
khop,【溘】口荅,溪,入27合,開一,7
qop,【姶】烏合,影,入27合,開一,13
hop,【欱】呼合,曉,入27合,開一,4
ngop,【𣊡】五合,疑,入27合,開一,10
chop,【䟃】七合,清,入27合,開一,4
ghap,【盍】胡臘,匣,入28盍,開一,10
lap,【臘】盧盍,來,入28盍,開一,14
tap,【㿴】都榼,端,入28盍,開一,11
thap,【榻】吐盍,透,入28盍,開一,19
hap,【𣣹】呼盍,曉,入28盍,開一,3
nap,【魶】奴盍,泥,入28盍,開一,3
dap,【蹋】徒盍,定,入28盍,開一,10
sap,【𠎷】私盍,心,入28盍,開一,7
ngap,【儑】五盍,疑,入28盍,開一,2
zap,【䪞】才盍,從,入28盍,開一,2
kap,【䫦】古盍,見,入28盍,開一,8
khap,【榼】苦盍,溪,入28盍,開一,6
qap,【鰪】安盍,影,入28盍,開一,4
chap,【囃】倉雜,清,入28盍,開一,5
cjap,【譫】章盍,章,入28盍,開三,1
jep,【葉】與涉,以,入29葉,開三A,10
ciep,【接】即葉,精,入29葉,開三A,11
sjep,【攝】書涉,書,入29葉,開三A,8
zjep,【涉】時攝,常,入29葉,開三A,4
liep,【獵】良涉,來,入29葉,開三A,22
ziep,【捷】疾葉,從,入29葉,開三A,8
driep,【䐑】直葉,澄,入29葉,開三B,3
qiep,【𢽱】於輒,影,入29葉,開三B,4
nriep,【聶】尼輒,娘,入29葉,開三B,15
chjep,【謵】叱涉,昌,入29葉,開三A,9
njep,【讘】而涉,日,入29葉,開三A,5
cjep,【讋】之涉,章,入29葉,開三A,12
chiep,【妾】七接,清,入29葉,開三A,10
thriep,【鍤】丑輒,徹,入29葉,開三B,6
giep,【衱】其輒,群,入29葉,開三B,5
triep,【輒】陟葉,知,入29葉,開三B,8
iep,【曄】筠輒,云,入29葉,開三B,7
khjep,【𤷾】去涉,溪,入29葉,開三A,1
sriep,【萐】山輒,生,入29葉,開三B,6
kiep,【𦀖】居輒,見,入29葉,開三B,2
qjep,【魘】於葉,影,入29葉,開三A,7
thep,【怗】他協,透,入30怗,開四,11
ghep,【協】胡頰,匣,入30怗,開四,10
kep,【頰】古協,見,入30怗,開四,9
khep,【愜】苦協,溪,入30怗,開四,8
dep,【牒】徒協,定,入30怗,開四,30
nep,【苶】奴協,泥,入30怗,開四,15
sep,【燮】蘇協,心,入30怗,開四,16
lep,【㼲】盧協,來,入30怗,開四,4
tep,【聑】丁愜,端,入30怗,開四,12
zep,【䕹】在協,從,入30怗,開四,1
cep,【浹】子協,精,入30怗,開四,3
hep,【弽】呼牒,曉,入30怗,開四,5
ghrep,【洽】侯夾,匣,入31洽,開二,14
khrep,【恰】苦洽,溪,入31洽,開二,10
zrep,【𨖷】士洽,崇,入31洽,開二,6
krep,【夾】古洽,見,入31洽,開二,15
crep,【眨】側洽,莊,入31洽,開二,6
chrep,【插】楚洽,初,入31洽,開二,10
nrep,【㘝】女洽,娘,入31洽,開二,4
hrep,【䶎】呼洽,曉,入31洽,開二,4
srep,【霎】山洽,生,入31洽,開二,7
trep,【劄】竹洽,知,入31洽,開二,3
qrep,【𨂁】烏洽,影,入31洽,開二,4
ngrep,【䀴】五夾,疑,入31洽,開二,1
threp,【𥃐】丑㘝,徹,入31洽,開二,1
ghrap,【狎】胡甲,匣,入32狎,開二,11
drap,【𠗨】丈甲,澄,入32狎,開二,6
qrap,【鴨】烏甲,影,入32狎,開二,6
krap,【甲】古狎,見,入32狎,開二,10
srap,【翣】所甲,生,入32狎,開二,8
hrap,【呷】呼甲,曉,入32狎,開二,4
ngiap,【業】魚怯,疑,入33業,開三,15
hiap,【脅】虛業,曉,入33業,開三,9
khiap,【怯】去劫,溪,入33業,開三,9
kiap,【劫】居怯,見,入33業,開三,9
qiap,【腌】於業,影,入33業,開三,14
jap,【殜】余業,以,入33業,開三,2
giap,【跲】巨業,群,入33業,開三,5
byap,【乏】房法,並,入34乏,合三,3
pyap,【法】方乏,幫,入34乏,合三,2
phyap,【𥎰】孚法,滂,入34乏,合三,3
nriap,【䎎】女法,娘,入34乏,開三,3
thriap,【𦑣】丑法,徹,入34乏,開三,1
